[{"model": "admin.logentry", "pk": 1, "fields": {"action_time": "2021-11-19T19:36:18.380Z", "user": 1, "content_type": 7, "object_id": "1", "object_repr": "developer.rathan@gmail.com", "action_flag": 1, "change_message": "[{\"added\": {}}]"}}, {"model": "admin.logentry", "pk": 2, "fields": {"action_time": "2021-11-19T19:42:31.627Z", "user": 1, "content_type": 7, "object_id": "1", "object_repr": "developer.rathan@gmail.com", "action_flag": 2, "change_message": "[{\"changed\": {\"fields\": [\"Profile picture\", \"Cover photo\", \"Address line 1\", \"Address line 2\"]}}]"}}, {"model": "admin.logentry", "pk": 3, "fields": {"action_time": "2021-11-19T19:52:45.956Z", "user": 1, "content_type": 7, "object_id": "1", "object_repr": "developer.rathan@gmail.com", "action_flag": 2, "change_message": "[{\"changed\": {\"fields\": [\"Profile picture\", \"Cover photo\"]}}]"}}, {"model": "admin.logentry", "pk": 4, "fields": {"action_time": "2021-11-25T15:21:24.605Z", "user": 1, "content_type": 6, "object_id": "2", "object_repr": "", "action_flag": 1, "change_message": "[{\"added\": {}}]"}}, {"model": "admin.logentry", "pk": 5, "fields": {"action_time": "2021-11-25T15:22:15.519Z", "user": 1, "content_type": 6, "object_id": "2", "object_repr": "", "action_flag": 3, "change_message": ""}}, {"model": "admin.logentry", "pk": 6, "fields": {"action_time": "2021-11-25T15:23:25.430Z", "user": 1, "content_type": 6, "object_id": "3", "object_repr": "", "action_flag": 1, "change_message": "[{\"added\": {}}]"}}, {"model": "admin.logentry", "pk": 7, "fields": {"action_time": "2021-11-25T15:25:07.707Z", "user": 1, "content_type": 6, "object_id": "3", "object_repr": "", "action_flag": 3, "change_message": ""}}, {"model": "admin.logentry", "pk": 8, "fields": {"action_time": "2021-11-25T15:25:52.349Z", "user": 1, "content_type": 6, "object_id": "4", "object_repr": "", "action_flag": 1, "change_message": "[{\"added\": {}}]"}}, {"model": "admin.logentry", "pk": 9, "fields": {"action_time": "2021-11-25T15:26:55.869Z", "user": 1, "content_type": 6, "object_id": "4", "object_repr": "test1234@gmail.com", "action_flag": 2, "change_message": "[{\"changed\": {\"fields\": [\"First name\", \"Last name\", \"Email\", \"Phone number\"]}}]"}}, {"model": "admin.logentry", "pk": 10, "fields": {"action_time": "2021-11-25T15:28:03.268Z", "user": 1, "content_type": 6, "object_id": "4", "object_repr": "test1234@gmail.com", "action_flag": 2, "change_message": "[{\"changed\": {\"fields\": [\"Last name\"]}}]"}}, {"model": "admin.logentry", "pk": 11, "fields": {"action_time": "2021-11-25T15:28:12.250Z", "user": 1, "content_type": 6, "object_id": "4", "object_repr": "test1234@gmail.com", "action_flag": 2, "change_message": "[]"}}, {"model": "admin.logentry", "pk": 12, "fields": {"action_time": "2021-11-25T15:29:14.840Z", "user": 1, "content_type": 6, "object_id": "4", "object_repr": "test1234@gmail.com", "action_flag": 2, "change_message": "[]"}}, {"model": "admin.logentry", "pk": 13, "fields": {"action_time": "2021-11-25T15:31:57.869Z", "user": 1, "content_type": 7, "object_id": "1", "object_repr": "developer.rathan@gmail.com", "action_flag": 3, "change_message": ""}}, {"model": "admin.logentry", "pk": 14, "fields": {"action_time": "2021-11-25T15:35:23.570Z", "user": 1, "content_type": 6, "object_id": "1", "object_repr": "developer.rathan@gmail.com", "action_flag": 2, "change_message": "[{\"changed\": {\"fields\": [\"Phone number\"]}}]"}}, {"model": "admin.logentry", "pk": 15, "fields": {"action_time": "2021-11-25T15:39:38.507Z", "user": 1, "content_type": 6, "object_id": "5", "object_repr": "", "action_flag": 1, "change_message": "[{\"added\": {}}]"}}, {"model": "admin.logentry", "pk": 16, "fields": {"action_time": "2021-11-25T15:40:47.356Z", "user": 1, "content_type": 6, "object_id": "5", "object_repr": "sdsdg@gmail.com", "action_flag": 2, "change_message": "[{\"changed\": {\"fields\": [\"First name\", \"Last name\", \"Email\"]}}]"}}, {"model": "admin.logentry", "pk": 17, "fields": {"action_time": "2021-11-25T15:45:41.652Z", "user": 1, "content_type": 6, "object_id": "6", "object_repr": "", "action_flag": 1, "change_message": "[{\"added\": {}}]"}}, {"model": "admin.logentry", "pk": 18, "fields": {"action_time": "2021-11-25T15:46:15.520Z", "user": 1, "content_type": 6, "object_id": "6", "object_repr": "john.doe@gmail.com", "action_flag": 2, "change_message": "[{\"changed\": {\"fields\": [\"First name\", \"Last name\", \"Email\"]}}]"}}, {"model": "admin.logentry", "pk": 19, "fields": {"action_time": "2021-12-07T15:03:58.480Z", "user": 1, "content_type": 6, "object_id": "18", "object_repr": "testrest@gmail.com", "action_flag": 3, "change_message": ""}}, {"model": "admin.logentry", "pk": 20, "fields": {"action_time": "2021-12-08T10:38:32.011Z", "user": 1, "content_type": 6, "object_id": "17", "object_repr": "rathan.kufdg9@gmail.com", "action_flag": 3, "change_message": ""}}, {"model": "admin.logentry", "pk": 21, "fields": {"action_time": "2021-12-08T10:38:32.022Z", "user": 1, "content_type": 6, "object_id": "16", "object_repr": "sachin.poojary443@gmail.com", "action_flag": 3, "change_message": ""}}, {"model": "admin.logentry", "pk": 22, "fields": {"action_time": "2021-12-08T10:38:32.028Z", "user": 1, "content_type": 6, "object_id": "15", "object_repr": "ett@gmail.com", "action_flag": 3, "change_message": ""}}, {"model": "admin.logentry", "pk": 23, "fields": {"action_time": "2021-12-08T10:38:32.029Z", "user": 1, "content_type": 6, "object_id": "14", "object_repr": "ttt@gmail.com", "action_flag": 3, "change_message": ""}}, {"model": "admin.logentry", "pk": 24, "fields": {"action_time": "2021-12-08T10:38:32.030Z", "user": 1, "content_type": 6, "object_id": "13", "object_repr": "test1234567@gmail.com", "action_flag": 3, "change_message": ""}}, {"model": "admin.logentry", "pk": 25, "fields": {"action_time": "2021-12-08T10:38:32.031Z", "user": 1, "content_type": 6, "object_id": "12", "object_repr": "test123333@gmail.com", "action_flag": 3, "change_message": ""}}, {"model": "admin.logentry", "pk": 26, "fields": {"action_time": "2021-12-08T10:38:32.032Z", "user": 1, "content_type": 6, "object_id": "11", "object_repr": "test123@gmail.com", "action_flag": 3, "change_message": ""}}, {"model": "admin.logentry", "pk": 27, "fields": {"action_time": "2021-12-08T10:38:32.033Z", "user": 1, "content_type": 6, "object_id": "9", "object_repr": "joe@gmail.com", "action_flag": 3, "change_message": ""}}, {"model": "admin.logentry", "pk": 28, "fields": {"action_time": "2021-12-08T10:38:32.034Z", "user": 1, "content_type": 6, "object_id": "8", "object_repr": "john@gmail.com", "action_flag": 3, "change_message": ""}}, {"model": "admin.logentry", "pk": 29, "fields": {"action_time": "2021-12-08T10:38:32.035Z", "user": 1, "content_type": 6, "object_id": "7", "object_repr": "rathantest@gmail.com", "action_flag": 3, "change_message": ""}}, {"model": "admin.logentry", "pk": 30, "fields": {"action_time": "2021-12-08T10:38:32.036Z", "user": 1, "content_type": 6, "object_id": "6", "object_repr": "john.doe@gmail.com", "action_flag": 3, "change_message": ""}}, {"model": "admin.logentry", "pk": 31, "fields": {"action_time": "2021-12-08T10:38:32.041Z", "user": 1, "content_type": 6, "object_id": "5", "object_repr": "sdsdg@gmail.com", "action_flag": 3, "change_message": ""}}, {"model": "admin.logentry", "pk": 32, "fields": {"action_time": "2021-12-08T10:38:32.043Z", "user": 1, "content_type": 6, "object_id": "4", "object_repr": "test1234@gmail.com", "action_flag": 3, "change_message": ""}}, {"model": "admin.logentry", "pk": 33, "fields": {"action_time": "2021-12-08T10:40:19.385Z", "user": 1, "content_type": 6, "object_id": "10", "object_repr": "rathank@gmail.com", "action_flag": 2, "change_message": "[{\"changed\": {\"fields\": [\"Is active\"]}}]"}}, {"model": "admin.logentry", "pk": 34, "fields": {"action_time": "2021-12-08T10:40:26.127Z", "user": 1, "content_type": 6, "object_id": "19", "object_repr": "testtestrest@gmail.com", "action_flag": 2, "change_message": "[{\"changed\": {\"fields\": [\"Is active\"]}}]"}}, {"model": "admin.logentry", "pk": 35, "fields": {"action_time": "2021-12-25T11:06:40.735Z", "user": 1, "content_type": 6, "object_id": "19", "object_repr": "testtestrest@gmail.com", "action_flag": 3, "change_message": ""}}, {"model": "admin.logentry", "pk": 36, "fields": {"action_time": "2021-12-25T11:06:40.741Z", "user": 1, "content_type": 6, "object_id": "10", "object_repr": "rathank@gmail.com", "action_flag": 3, "change_message": ""}}, {"model": "admin.logentry", "pk": 37, "fields": {"action_time": "2022-01-01T09:50:31.816Z", "user": 1, "content_type": 8, "object_id": "2", "object_repr": "ABC Restaurant", "action_flag": 2, "change_message": "[{\"changed\": {\"fields\": [\"Is approved\"]}}]"}}, {"model": "admin.logentry", "pk": 38, "fields": {"action_time": "2022-01-01T09:51:29.974Z", "user": 1, "content_type": 8, "object_id": "2", "object_repr": "ABC Restaurant", "action_flag": 2, "change_message": "[]"}}, {"model": "admin.logentry", "pk": 39, "fields": {"action_time": "2022-01-01T10:23:13.593Z", "user": 1, "content_type": 8, "object_id": "2", "object_repr": "ABC Restaurant", "action_flag": 2, "change_message": "[]"}}, {"model": "admin.logentry", "pk": 40, "fields": {"action_time": "2022-01-01T10:24:13.005Z", "user": 1, "content_type": 8, "object_id": "2", "object_repr": "ABC Restaurant", "action_flag": 2, "change_message": "[{\"changed\": {\"fields\": [\"Is approved\"]}}]"}}, {"model": "admin.logentry", "pk": 41, "fields": {"action_time": "2022-01-01T10:24:51.706Z", "user": 1, "content_type": 8, "object_id": "2", "object_repr": "ABC Restaurant", "action_flag": 2, "change_message": "[{\"changed\": {\"fields\": [\"Is approved\"]}}]"}}, {"model": "admin.logentry", "pk": 42, "fields": {"action_time": "2022-01-02T10:41:17.650Z", "user": 1, "content_type": 7, "object_id": "20", "object_repr": "vendor.foodonline@gmail.com", "action_flag": 2, "change_message": "[{\"changed\": {\"fields\": [\"Profile picture\", \"Cover photo\", \"Address line 1\", \"Address line 2\", \"Country\", \"State\", \"City\", \"Pin code\"]}}]"}}, {"model": "admin.logentry", "pk": 43, "fields": {"action_time": "2022-01-02T10:56:40.547Z", "user": 1, "content_type": 7, "object_id": "20", "object_repr": "vendor.foodonline@gmail.com", "action_flag": 2, "change_message": "[{\"changed\": {\"fields\": [\"Profile picture\", \"Cover photo\"]}}]"}}, {"model": "admin.logentry", "pk": 44, "fields": {"action_time": "2022-01-03T18:23:13.227Z", "user": 1, "content_type": 7, "object_id": "20", "object_repr": "vendor.foodonline@gmail.com", "action_flag": 2, "change_message": "[{\"changed\": {\"fields\": [\"Profile picture\", \"Cover photo\"]}}]"}}, {"model": "admin.logentry", "pk": 45, "fields": {"action_time": "2022-01-03T18:23:34.721Z", "user": 1, "content_type": 7, "object_id": "20", "object_repr": "vendor.foodonline@gmail.com", "action_flag": 2, "change_message": "[{\"changed\": {\"fields\": [\"Profile picture\", \"Cover photo\"]}}]"}}, {"model": "admin.logentry", "pk": 46, "fields": {"action_time": "2022-01-03T18:23:54.225Z", "user": 1, "content_type": 7, "object_id": "20", "object_repr": "vendor.foodonline@gmail.com", "action_flag": 2, "change_message": "[{\"changed\": {\"fields\": [\"Cover photo\"]}}]"}}, {"model": "admin.logentry", "pk": 47, "fields": {"action_time": "2022-01-03T18:24:04.370Z", "user": 1, "content_type": 7, "object_id": "20", "object_repr": "vendor.foodonline@gmail.com", "action_flag": 2, "change_message": "[{\"changed\": {\"fields\": [\"Cover photo\"]}}]"}}, {"model": "admin.logentry", "pk": 48, "fields": {"action_time": "2022-01-03T18:24:17.165Z", "user": 1, "content_type": 7, "object_id": "20", "object_repr": "vendor.foodonline@gmail.com", "action_flag": 2, "change_message": "[{\"changed\": {\"fields\": [\"Cover photo\"]}}]"}}, {"model": "admin.logentry", "pk": 49, "fields": {"action_time": "2022-01-03T18:24:28.070Z", "user": 1, "content_type": 7, "object_id": "20", "object_repr": "vendor.foodonline@gmail.com", "action_flag": 2, "change_message": "[{\"changed\": {\"fields\": [\"Profile picture\"]}}]"}}, {"model": "admin.logentry", "pk": 50, "fields": {"action_time": "2022-01-05T17:39:02.779Z", "user": 1, "content_type": 7, "object_id": "20", "object_repr": "vendor.foodonline@gmail.com", "action_flag": 2, "change_message": "[{\"changed\": {\"fields\": [\"Address\"]}}]"}}, {"model": "admin.logentry", "pk": 51, "fields": {"action_time": "2022-01-25T11:10:33.436Z", "user": 1, "content_type": 10, "object_id": "1", "object_repr": "Burgers", "action_flag": 1, "change_message": "[{\"added\": {}}]"}}, {"model": "admin.logentry", "pk": 52, "fields": {"action_time": "2022-01-25T11:13:14.573Z", "user": 1, "content_type": 10, "object_id": "2", "object_repr": "Pizza", "action_flag": 1, "change_message": "[{\"added\": {}}]"}}, {"model": "admin.logentry", "pk": 53, "fields": {"action_time": "2022-01-25T11:13:31.137Z", "user": 1, "content_type": 10, "object_id": "3", "object_repr": "Sea food", "action_flag": 1, "change_message": "[{\"added\": {}}]"}}, {"model": "admin.logentry", "pk": 54, "fields": {"action_time": "2022-01-25T11:13:47.671Z", "user": 1, "content_type": 10, "object_id": "4", "object_repr": "Chicken", "action_flag": 1, "change_message": "[{\"added\": {}}]"}}, {"model": "admin.logentry", "pk": 55, "fields": {"action_time": "2022-01-25T11:34:42.194Z", "user": 1, "content_type": 9, "object_id": "1", "object_repr": "Burger One", "action_flag": 1, "change_message": "[{\"added\": {}}]"}}, {"model": "admin.logentry", "pk": 56, "fields": {"action_time": "2022-01-25T11:36:03.606Z", "user": 1, "content_type": 9, "object_id": "2", "object_repr": "Italian Pizza", "action_flag": 1, "change_message": "[{\"added\": {}}]"}}, {"model": "admin.logentry", "pk": 57, "fields": {"action_time": "2022-01-25T11:36:43.622Z", "user": 1, "content_type": 9, "object_id": "3", "object_repr": "Pizza One", "action_flag": 1, "change_message": "[{\"added\": {}}]"}}, {"model": "admin.logentry", "pk": 58, "fields": {"action_time": "2022-01-25T11:37:49.342Z", "user": 1, "content_type": 9, "object_id": "4", "object_repr": "Sea Food One", "action_flag": 1, "change_message": "[{\"added\": {}}]"}}, {"model": "admin.logentry", "pk": 59, "fields": {"action_time": "2022-01-25T11:38:31.909Z", "user": 1, "content_type": 9, "object_id": "5", "object_repr": "Fried Chicken", "action_flag": 1, "change_message": "[{\"added\": {}}]"}}, {"model": "admin.logentry", "pk": 60, "fields": {"action_time": "2022-01-25T11:41:38.830Z", "user": 1, "content_type": 9, "object_id": "6", "object_repr": "Barbecue Chicken", "action_flag": 1, "change_message": "[{\"added\": {}}]"}}, {"model": "admin.logentry", "pk": 61, "fields": {"action_time": "2022-01-25T12:40:25.392Z", "user": 1, "content_type": 10, "object_id": "3", "object_repr": "Sea food", "action_flag": 2, "change_message": "[{\"changed\": {\"fields\": [\"Description\"]}}]"}}, {"model": "admin.logentry", "pk": 62, "fields": {"action_time": "2022-02-01T13:07:08.807Z", "user": 1, "content_type": 10, "object_id": "5", "object_repr": "Test Blank Category", "action_flag": 1, "change_message": "[{\"added\": {}}]"}}, {"model": "admin.logentry", "pk": 63, "fields": {"action_time": "2022-02-12T07:18:50.972Z", "user": 1, "content_type": 6, "object_id": "22", "object_repr": "rathan.kumar492@gmail.com", "action_flag": 3, "change_message": ""}}, {"model": "admin.logentry", "pk": 64, "fields": {"action_time": "2022-02-17T11:42:03.456Z", "user": 1, "content_type": 8, "object_id": "4", "object_repr": "Second Restaurant", "action_flag": 2, "change_message": "[{\"changed\": {\"fields\": [\"Is approved\"]}}]"}}, {"model": "admin.logentry", "pk": 65, "fields": {"action_time": "2022-02-17T13:16:51.998Z", "user": 1, "content_type": 8, "object_id": "2", "object_repr": "ABC Restaurant test", "action_flag": 2, "change_message": "[{\"changed\": {\"fields\": [\"Vendor slug\"]}}]"}}, {"model": "admin.logentry", "pk": 66, "fields": {"action_time": "2022-02-17T13:17:05.681Z", "user": 1, "content_type": 8, "object_id": "4", "object_repr": "Second Restaurant", "action_flag": 2, "change_message": "[{\"changed\": {\"fields\": [\"Vendor slug\"]}}]"}}, {"model": "admin.logentry", "pk": 67, "fields": {"action_time": "2022-02-17T13:22:53.177Z", "user": 1, "content_type": 8, "object_id": "5", "object_repr": "test vendor 123", "action_flag": 3, "change_message": ""}}, {"model": "admin.logentry", "pk": 68, "fields": {"action_time": "2022-02-17T13:28:02.507Z", "user": 1, "content_type": 8, "object_id": "6", "object_repr": "third vendor", "action_flag": 3, "change_message": ""}}, {"model": "admin.logentry", "pk": 69, "fields": {"action_time": "2022-02-23T16:04:30.939Z", "user": 1, "content_type": 8, "object_id": "2", "object_repr": "ABC Restaurant", "action_flag": 2, "change_message": "[{\"changed\": {\"fields\": [\"Vendor name\", \"Vendor slug\"]}}]"}}, {"model": "admin.logentry", "pk": 70, "fields": {"action_time": "2022-02-23T16:19:38.409Z", "user": 1, "content_type": 7, "object_id": "20", "object_repr": "vendor.foodonline@gmail.com", "action_flag": 2, "change_message": "[{\"changed\": {\"fields\": [\"Profile picture\"]}}]"}}, {"model": "admin.logentry", "pk": 71, "fields": {"action_time": "2022-02-23T16:20:23.404Z", "user": 1, "content_type": 7, "object_id": "20", "object_repr": "vendor.foodonline@gmail.com", "action_flag": 2, "change_message": "[{\"changed\": {\"fields\": [\"Profile picture\", \"Cover photo\"]}}]"}}, {"model": "admin.logentry", "pk": 72, "fields": {"action_time": "2022-02-23T16:20:26.258Z", "user": 1, "content_type": 8, "object_id": "2", "object_repr": "ABC Restaurant", "action_flag": 2, "change_message": "[]"}}, {"model": "admin.logentry", "pk": 73, "fields": {"action_time": "2022-02-25T20:20:15.953Z", "user": 1, "content_type": 11, "object_id": "4", "object_repr": "Cart object (4)", "action_flag": 3, "change_message": ""}}, {"model": "admin.logentry", "pk": 74, "fields": {"action_time": "2022-02-25T20:20:15.966Z", "user": 1, "content_type": 11, "object_id": "3", "object_repr": "Cart object (3)", "action_flag": 3, "change_message": ""}}, {"model": "admin.logentry", "pk": 75, "fields": {"action_time": "2022-02-25T20:20:15.969Z", "user": 1, "content_type": 11, "object_id": "2", "object_repr": "Cart object (2)", "action_flag": 3, "change_message": ""}}, {"model": "admin.logentry", "pk": 76, "fields": {"action_time": "2022-02-25T20:20:15.971Z", "user": 1, "content_type": 11, "object_id": "1", "object_repr": "Cart object (1)", "action_flag": 3, "change_message": ""}}, {"model": "admin.logentry", "pk": 77, "fields": {"action_time": "2022-02-28T18:55:16.199Z", "user": 1, "content_type": 11, "object_id": "13", "object_repr": "Cart object (13)", "action_flag": 3, "change_message": ""}}, {"model": "admin.logentry", "pk": 78, "fields": {"action_time": "2022-02-28T18:55:16.215Z", "user": 1, "content_type": 11, "object_id": "11", "object_repr": "Cart object (11)", "action_flag": 3, "change_message": ""}}, {"model": "admin.logentry", "pk": 79, "fields": {"action_time": "2022-02-28T18:55:16.217Z", "user": 1, "content_type": 11, "object_id": "9", "object_repr": "Cart object (9)", "action_flag": 3, "change_message": ""}}, {"model": "admin.logentry", "pk": 80, "fields": {"action_time": "2022-02-28T18:55:16.219Z", "user": 1, "content_type": 11, "object_id": "7", "object_repr": "Cart object (7)", "action_flag": 3, "change_message": ""}}, {"model": "admin.logentry", "pk": 81, "fields": {"action_time": "2022-02-28T18:55:16.225Z", "user": 1, "content_type": 11, "object_id": "5", "object_repr": "Cart object (5)", "action_flag": 3, "change_message": ""}}, {"model": "admin.logentry", "pk": 82, "fields": {"action_time": "2022-03-08T12:22:12.227Z", "user": 1, "content_type": 9, "object_id": "10", "object_repr": "BBQ Chicken", "action_flag": 1, "change_message": "[{\"added\": {}}]"}}, {"model": "admin.logentry", "pk": 83, "fields": {"action_time": "2022-03-08T12:22:20.971Z", "user": 1, "content_type": 9, "object_id": "6", "object_repr": "Barbecue Chicken", "action_flag": 2, "change_message": "[{\"changed\": {\"fields\": [\"Is available\"]}}]"}}, {"model": "admin.logentry", "pk": 84, "fields": {"action_time": "2022-03-08T12:23:07.303Z", "user": 1, "content_type": 9, "object_id": "11", "object_repr": "Butter Chicken", "action_flag": 1, "change_message": "[{\"added\": {}}]"}}, {"model": "admin.logentry", "pk": 85, "fields": {"action_time": "2022-03-08T12:23:54.033Z", "user": 1, "content_type": 9, "object_id": "10", "object_repr": "BBQ Chicken", "action_flag": 2, "change_message": "[{\"changed\": {\"fields\": [\"Category\"]}}]"}}, {"model": "admin.logentry", "pk": 86, "fields": {"action_time": "2022-03-08T12:24:06.246Z", "user": 1, "content_type": 9, "object_id": "11", "object_repr": "Butter Chicken", "action_flag": 2, "change_message": "[{\"changed\": {\"fields\": [\"Category\"]}}]"}}, {"model": "admin.logentry", "pk": 87, "fields": {"action_time": "2022-03-25T07:35:53.824Z", "user": 1, "content_type": 6, "object_id": "24", "object_repr": "test123@gmail.com", "action_flag": 3, "change_message": ""}}, {"model": "admin.logentry", "pk": 88, "fields": {"action_time": "2022-03-25T07:36:02.656Z", "user": 1, "content_type": 6, "object_id": "25", "object_repr": "third@gmail.com", "action_flag": 3, "change_message": ""}}, {"model": "admin.logentry", "pk": 89, "fields": {"action_time": "2022-03-25T07:47:52.066Z", "user": 1, "content_type": 6, "object_id": "26", "object_repr": "thirdrestaurant-foodonline@gmail.com", "action_flag": 2, "change_message": "[{\"changed\": {\"fields\": [\"Phone number\", \"Is active\"]}}]"}}, {"model": "admin.logentry", "pk": 90, "fields": {"action_time": "2022-03-25T07:53:48.409Z", "user": 1, "content_type": 8, "object_id": "7", "object_repr": "Third Restaurant", "action_flag": 2, "change_message": "[{\"changed\": {\"fields\": [\"Is approved\"]}}]"}}, {"model": "admin.logentry", "pk": 91, "fields": {"action_time": "2022-03-25T11:32:03.371Z", "user": 1, "content_type": 6, "object_id": "27", "object_repr": "fourthrestaurant-foodonline@gmail.com", "action_flag": 2, "change_message": "[{\"changed\": {\"fields\": [\"Is active\"]}}]"}}, {"model": "admin.logentry", "pk": 92, "fields": {"action_time": "2022-03-25T11:35:17.938Z", "user": 1, "content_type": 8, "object_id": "8", "object_repr": "Fourth Restaurant", "action_flag": 2, "change_message": "[{\"changed\": {\"fields\": [\"Is approved\"]}}]"}}, {"model": "admin.logentry", "pk": 93, "fields": {"action_time": "2022-03-25T11:44:06.784Z", "user": 1, "content_type": 10, "object_id": "17", "object_repr": "Chicken", "action_flag": 3, "change_message": ""}}, {"model": "admin.logentry", "pk": 94, "fields": {"action_time": "2022-03-28T19:43:55.856Z", "user": 1, "content_type": 6, "object_id": "28", "object_repr": "fifthrestaurant.foodonline@gmail.com", "action_flag": 2, "change_message": "[{\"changed\": {\"fields\": [\"Is active\"]}}]"}}, {"model": "admin.logentry", "pk": 95, "fields": {"action_time": "2022-03-28T19:46:19.228Z", "user": 1, "content_type": 8, "object_id": "9", "object_repr": "Fifth Restaurant", "action_flag": 2, "change_message": "[{\"changed\": {\"fields\": [\"Is approved\"]}}]"}}, {"model": "admin.logentry", "pk": 96, "fields": {"action_time": "2022-03-29T19:31:55.276Z", "user": 1, "content_type": 9, "object_id": "6", "object_repr": "Barbecue Chicken", "action_flag": 2, "change_message": "[{\"changed\": {\"fields\": [\"Is available\"]}}]"}}, {"model": "admin.logentry", "pk": 97, "fields": {"action_time": "2022-03-29T19:32:56.347Z", "user": 1, "content_type": 9, "object_id": "6", "object_repr": "Barbecue Chicken", "action_flag": 2, "change_message": "[{\"changed\": {\"fields\": [\"Is available\"]}}]"}}, {"model": "admin.logentry", "pk": 98, "fields": {"action_time": "2022-04-03T12:06:50.818Z", "user": 1, "content_type": 7, "object_id": "26", "object_repr": "fourthrestaurant-foodonline@gmail.com", "action_flag": 2, "change_message": "[]"}}, {"model": "admin.logentry", "pk": 99, "fields": {"action_time": "2022-04-03T13:18:06.349Z", "user": 1, "content_type": 7, "object_id": "27", "object_repr": "fifthrestaurant.foodonline@gmail.com", "action_flag": 2, "change_message": "[]"}}, {"model": "admin.logentry", "pk": 100, "fields": {"action_time": "2022-04-03T13:18:50.138Z", "user": 1, "content_type": 7, "object_id": "26", "object_repr": "fourthrestaurant-foodonline@gmail.com", "action_flag": 2, "change_message": "[]"}}, {"model": "admin.logentry", "pk": 101, "fields": {"action_time": "2022-04-03T13:19:10.256Z", "user": 1, "content_type": 7, "object_id": "25", "object_repr": "thirdrestaurant-foodonline@gmail.com", "action_flag": 2, "change_message": "[]"}}, {"model": "admin.logentry", "pk": 102, "fields": {"action_time": "2022-04-03T13:19:22.395Z", "user": 1, "content_type": 7, "object_id": "22", "object_repr": "rathan.kumar492@gmail.com", "action_flag": 2, "change_message": "[]"}}, {"model": "admin.logentry", "pk": 103, "fields": {"action_time": "2022-04-03T13:19:32.605Z", "user": 1, "content_type": 7, "object_id": "20", "object_repr": "vendor.foodonline@gmail.com", "action_flag": 2, "change_message": "[]"}}, {"model": "admin.logentry", "pk": 104, "fields": {"action_time": "2022-05-21T11:21:33.398Z", "user": 1, "content_type": 12, "object_id": "1", "object_repr": "OpeningHour object (1)", "action_flag": 1, "change_message": "[{\"added\": {}}]"}}, {"model": "admin.logentry", "pk": 105, "fields": {"action_time": "2022-05-27T12:58:40.088Z", "user": 1, "content_type": 12, "object_id": "8", "object_repr": "Monday", "action_flag": 3, "change_message": ""}}, {"model": "admin.logentry", "pk": 106, "fields": {"action_time": "2022-05-27T12:58:40.097Z", "user": 1, "content_type": 12, "object_id": "9", "object_repr": "Monday", "action_flag": 3, "change_message": ""}}, {"model": "admin.logentry", "pk": 107, "fields": {"action_time": "2022-05-27T12:58:40.100Z", "user": 1, "content_type": 12, "object_id": "4", "object_repr": "Friday", "action_flag": 3, "change_message": ""}}, {"model": "admin.logentry", "pk": 108, "fields": {"action_time": "2022-05-27T12:58:40.102Z", "user": 1, "content_type": 12, "object_id": "3", "object_repr": "Saturday", "action_flag": 3, "change_message": ""}}, {"model": "admin.logentry", "pk": 109, "fields": {"action_time": "2022-05-27T12:58:40.105Z", "user": 1, "content_type": 12, "object_id": "5", "object_repr": "Saturday", "action_flag": 3, "change_message": ""}}, {"model": "admin.logentry", "pk": 110, "fields": {"action_time": "2022-06-02T13:32:18.318Z", "user": 1, "content_type": 13, "object_id": "1", "object_repr": "CGST", "action_flag": 1, "change_message": "[{\"added\": {}}]"}}, {"model": "admin.logentry", "pk": 111, "fields": {"action_time": "2022-06-02T13:32:58.378Z", "user": 1, "content_type": 13, "object_id": "2", "object_repr": "SGST", "action_flag": 1, "change_message": "[{\"added\": {}}]"}}, {"model": "admin.logentry", "pk": 112, "fields": {"action_time": "2022-06-04T10:30:19.265Z", "user": 1, "content_type": 12, "object_id": "53", "object_repr": "Saturday", "action_flag": 2, "change_message": "[{\"changed\": {\"fields\": [\"From hour\", \"To hour\"]}}]"}}, {"model": "admin.logentry", "pk": 113, "fields": {"action_time": "2022-06-04T10:31:36.012Z", "user": 1, "content_type": 12, "object_id": "53", "object_repr": "Saturday", "action_flag": 2, "change_message": "[{\"changed\": {\"fields\": [\"From hour\", \"To hour\"]}}]"}}, {"model": "admin.logentry", "pk": 114, "fields": {"action_time": "2022-06-09T20:08:30.059Z", "user": 1, "content_type": 7, "object_id": "19", "object_repr": "customer.foodonline@gmail.com", "action_flag": 2, "change_message": "[{\"changed\": {\"fields\": [\"Country\"]}}]"}}, {"model": "admin.logentry", "pk": 115, "fields": {"action_time": "2022-06-09T20:10:15.117Z", "user": 1, "content_type": 6, "object_id": "20", "object_repr": "customer.foodonline@gmail.com", "action_flag": 2, "change_message": "[{\"changed\": {\"fields\": [\"Phone number\"]}}]"}}, {"model": "admin.logentry", "pk": 116, "fields": {"action_time": "2022-07-04T14:17:17.118Z", "user": 1, "content_type": 14, "object_id": "49", "object_repr": "2022062419211249", "action_flag": 3, "change_message": ""}}, {"model": "admin.logentry", "pk": 117, "fields": {"action_time": "2022-07-04T14:17:17.135Z", "user": 1, "content_type": 14, "object_id": "48", "object_repr": "2022062419194348", "action_flag": 3, "change_message": ""}}, {"model": "admin.logentry", "pk": 118, "fields": {"action_time": "2022-07-04T14:17:17.138Z", "user": 1, "content_type": 14, "object_id": "47", "object_repr": "2022062419182847", "action_flag": 3, "change_message": ""}}, {"model": "admin.logentry", "pk": 119, "fields": {"action_time": "2022-07-04T14:17:17.139Z", "user": 1, "content_type": 14, "object_id": "46", "object_repr": "2022062419061746", "action_flag": 3, "change_message": ""}}, {"model": "admin.logentry", "pk": 120, "fields": {"action_time": "2022-07-04T14:17:17.151Z", "user": 1, "content_type": 14, "object_id": "45", "object_repr": "2022062419035945", "action_flag": 3, "change_message": ""}}, {"model": "admin.logentry", "pk": 121, "fields": {"action_time": "2022-07-04T14:17:17.153Z", "user": 1, "content_type": 14, "object_id": "44", "object_repr": "2022062419013844", "action_flag": 3, "change_message": ""}}, {"model": "admin.logentry", "pk": 122, "fields": {"action_time": "2022-07-04T14:17:17.155Z", "user": 1, "content_type": 14, "object_id": "43", "object_repr": "2022062419005243", "action_flag": 3, "change_message": ""}}, {"model": "admin.logentry", "pk": 123, "fields": {"action_time": "2022-07-04T14:17:17.161Z", "user": 1, "content_type": 14, "object_id": "42", "object_repr": "2022062419002842", "action_flag": 3, "change_message": ""}}, {"model": "admin.logentry", "pk": 124, "fields": {"action_time": "2022-07-04T14:17:17.169Z", "user": 1, "content_type": 14, "object_id": "41", "object_repr": "2022062418552441", "action_flag": 3, "change_message": ""}}, {"model": "admin.logentry", "pk": 125, "fields": {"action_time": "2022-07-04T14:17:17.171Z", "user": 1, "content_type": 14, "object_id": "40", "object_repr": "2022062418495940", "action_flag": 3, "change_message": ""}}, {"model": "admin.logentry", "pk": 126, "fields": {"action_time": "2022-07-04T14:17:17.176Z", "user": 1, "content_type": 14, "object_id": "39", "object_repr": "2022062418414639", "action_flag": 3, "change_message": ""}}, {"model": "admin.logentry", "pk": 127, "fields": {"action_time": "2022-07-04T14:17:17.184Z", "user": 1, "content_type": 14, "object_id": "38", "object_repr": "2022062418162338", "action_flag": 3, "change_message": ""}}, {"model": "admin.logentry", "pk": 128, "fields": {"action_time": "2022-07-04T14:17:17.186Z", "user": 1, "content_type": 14, "object_id": "37", "object_repr": "2022062418161337", "action_flag": 3, "change_message": ""}}, {"model": "admin.logentry", "pk": 129, "fields": {"action_time": "2022-07-04T14:17:17.189Z", "user": 1, "content_type": 14, "object_id": "36", "object_repr": "2022062418155836", "action_flag": 3, "change_message": ""}}, {"model": "admin.logentry", "pk": 130, "fields": {"action_time": "2022-07-04T14:17:17.198Z", "user": 1, "content_type": 14, "object_id": "35", "object_repr": "2022062418133835", "action_flag": 3, "change_message": ""}}, {"model": "admin.logentry", "pk": 131, "fields": {"action_time": "2022-07-04T14:17:17.208Z", "user": 1, "content_type": 14, "object_id": "34", "object_repr": "2022062418025034", "action_flag": 3, "change_message": ""}}, {"model": "admin.logentry", "pk": 132, "fields": {"action_time": "2022-07-04T14:17:17.225Z", "user": 1, "content_type": 14, "object_id": "33", "object_repr": "2022062117265833", "action_flag": 3, "change_message": ""}}, {"model": "admin.logentry", "pk": 133, "fields": {"action_time": "2022-07-04T14:17:17.237Z", "user": 1, "content_type": 14, "object_id": "32", "object_repr": "2022062117212132", "action_flag": 3, "change_message": ""}}, {"model": "admin.logentry", "pk": 134, "fields": {"action_time": "2022-07-04T14:17:17.238Z", "user": 1, "content_type": 14, "object_id": "31", "object_repr": "2022062117185531", "action_flag": 3, "change_message": ""}}, {"model": "admin.logentry", "pk": 135, "fields": {"action_time": "2022-07-04T14:17:17.244Z", "user": 1, "content_type": 14, "object_id": "30", "object_repr": "2022062116305630", "action_flag": 3, "change_message": ""}}, {"model": "admin.logentry", "pk": 136, "fields": {"action_time": "2022-07-04T14:17:17.252Z", "user": 1, "content_type": 14, "object_id": "29", "object_repr": "2022062116233829", "action_flag": 3, "change_message": ""}}, {"model": "admin.logentry", "pk": 137, "fields": {"action_time": "2022-07-04T14:17:17.254Z", "user": 1, "content_type": 14, "object_id": "28", "object_repr": "2022062116192228", "action_flag": 3, "change_message": ""}}, {"model": "admin.logentry", "pk": 138, "fields": {"action_time": "2022-07-04T14:17:17.256Z", "user": 1, "content_type": 14, "object_id": "27", "object_repr": "2022062112442127", "action_flag": 3, "change_message": ""}}, {"model": "admin.logentry", "pk": 139, "fields": {"action_time": "2022-07-04T14:17:17.269Z", "user": 1, "content_type": 14, "object_id": "26", "object_repr": "2022062019251126", "action_flag": 3, "change_message": ""}}, {"model": "admin.logentry", "pk": 140, "fields": {"action_time": "2022-07-04T14:17:17.277Z", "user": 1, "content_type": 14, "object_id": "25", "object_repr": "2022062019211025", "action_flag": 3, "change_message": ""}}, {"model": "admin.logentry", "pk": 141, "fields": {"action_time": "2022-07-04T14:17:17.288Z", "user": 1, "content_type": 14, "object_id": "24", "object_repr": "2022062019202124", "action_flag": 3, "change_message": ""}}, {"model": "admin.logentry", "pk": 142, "fields": {"action_time": "2022-07-04T14:17:17.303Z", "user": 1, "content_type": 14, "object_id": "23", "object_repr": "2022062019164023", "action_flag": 3, "change_message": ""}}, {"model": "admin.logentry", "pk": 143, "fields": {"action_time": "2022-07-04T14:17:17.308Z", "user": 1, "content_type": 14, "object_id": "22", "object_repr": "2022062019122222", "action_flag": 3, "change_message": ""}}, {"model": "admin.logentry", "pk": 144, "fields": {"action_time": "2022-07-04T14:17:17.319Z", "user": 1, "content_type": 14, "object_id": "21", "object_repr": "2022062018584221", "action_flag": 3, "change_message": ""}}, {"model": "admin.logentry", "pk": 145, "fields": {"action_time": "2022-07-04T14:17:17.323Z", "user": 1, "content_type": 14, "object_id": "20", "object_repr": "2022062018564520", "action_flag": 3, "change_message": ""}}, {"model": "admin.logentry", "pk": 146, "fields": {"action_time": "2022-07-04T14:17:17.336Z", "user": 1, "content_type": 14, "object_id": "19", "object_repr": "2022062017543519", "action_flag": 3, "change_message": ""}}, {"model": "admin.logentry", "pk": 147, "fields": {"action_time": "2022-07-04T14:17:17.338Z", "user": 1, "content_type": 14, "object_id": "18", "object_repr": "2022062017530818", "action_flag": 3, "change_message": ""}}, {"model": "admin.logentry", "pk": 148, "fields": {"action_time": "2022-07-04T14:17:17.347Z", "user": 1, "content_type": 14, "object_id": "17", "object_repr": "2022062017411717", "action_flag": 3, "change_message": ""}}, {"model": "admin.logentry", "pk": 149, "fields": {"action_time": "2022-07-04T14:17:17.370Z", "user": 1, "content_type": 14, "object_id": "16", "object_repr": "2022062017395616", "action_flag": 3, "change_message": ""}}, {"model": "admin.logentry", "pk": 150, "fields": {"action_time": "2022-07-04T14:17:17.385Z", "user": 1, "content_type": 14, "object_id": "15", "object_repr": "2022062017304315", "action_flag": 3, "change_message": ""}}, {"model": "admin.logentry", "pk": 151, "fields": {"action_time": "2022-07-04T14:17:17.405Z", "user": 1, "content_type": 14, "object_id": "14", "object_repr": "2022062017240214", "action_flag": 3, "change_message": ""}}, {"model": "admin.logentry", "pk": 152, "fields": {"action_time": "2022-07-04T14:17:17.414Z", "user": 1, "content_type": 14, "object_id": "13", "object_repr": "2022062017140713", "action_flag": 3, "change_message": ""}}, {"model": "admin.logentry", "pk": 153, "fields": {"action_time": "2022-07-04T14:17:17.420Z", "user": 1, "content_type": 14, "object_id": "12", "object_repr": "2022061701140012", "action_flag": 3, "change_message": ""}}, {"model": "admin.logentry", "pk": 154, "fields": {"action_time": "2022-07-04T14:17:17.422Z", "user": 1, "content_type": 14, "object_id": "11", "object_repr": "2022061701132511", "action_flag": 3, "change_message": ""}}, {"model": "admin.logentry", "pk": 155, "fields": {"action_time": "2022-07-04T14:17:17.428Z", "user": 1, "content_type": 14, "object_id": "10", "object_repr": "2022061701123710", "action_flag": 3, "change_message": ""}}, {"model": "admin.logentry", "pk": 156, "fields": {"action_time": "2022-07-04T14:17:17.435Z", "user": 1, "content_type": 14, "object_id": "9", "object_repr": "202206170109519", "action_flag": 3, "change_message": ""}}, {"model": "admin.logentry", "pk": 157, "fields": {"action_time": "2022-07-04T14:17:17.437Z", "user": 1, "content_type": 14, "object_id": "8", "object_repr": "202206170109428", "action_flag": 3, "change_message": ""}}, {"model": "admin.logentry", "pk": 158, "fields": {"action_time": "2022-07-04T14:17:17.439Z", "user": 1, "content_type": 14, "object_id": "7", "object_repr": "202206170109307", "action_flag": 3, "change_message": ""}}, {"model": "admin.logentry", "pk": 159, "fields": {"action_time": "2022-07-04T14:17:17.450Z", "user": 1, "content_type": 14, "object_id": "6", "object_repr": "202206170108356", "action_flag": 3, "change_message": ""}}, {"model": "admin.logentry", "pk": 160, "fields": {"action_time": "2022-07-04T14:17:17.453Z", "user": 1, "content_type": 14, "object_id": "5", "object_repr": "202206170107175", "action_flag": 3, "change_message": ""}}, {"model": "admin.logentry", "pk": 161, "fields": {"action_time": "2022-07-04T14:17:17.454Z", "user": 1, "content_type": 14, "object_id": "4", "object_repr": "202206162339184", "action_flag": 3, "change_message": ""}}, {"model": "admin.logentry", "pk": 162, "fields": {"action_time": "2022-07-04T14:17:17.456Z", "user": 1, "content_type": 14, "object_id": "3", "object_repr": "2022061623103", "action_flag": 3, "change_message": ""}}, {"model": "admin.logentry", "pk": 163, "fields": {"action_time": "2022-07-04T14:17:17.467Z", "user": 1, "content_type": 14, "object_id": "2", "object_repr": "202206162303None", "action_flag": 3, "change_message": ""}}, {"model": "admin.logentry", "pk": 164, "fields": {"action_time": "2022-07-04T14:17:17.469Z", "user": 1, "content_type": 14, "object_id": "1", "object_repr": "123", "action_flag": 3, "change_message": ""}}, {"model": "admin.logentry", "pk": 165, "fields": {"action_time": "2022-07-04T14:20:03.790Z", "user": 1, "content_type": 14, "object_id": "51", "object_repr": "35345345345345", "action_flag": 1, "change_message": "[{\"added\": {}}]"}}, {"model": "admin.logentry", "pk": 166, "fields": {"action_time": "2022-07-04T14:21:05.972Z", "user": 1, "content_type": 14, "object_id": "52", "object_repr": "653654654666", "action_flag": 1, "change_message": "[{\"added\": {}}]"}}, {"model": "admin.logentry", "pk": 167, "fields": {"action_time": "2022-07-04T14:22:01.484Z", "user": 1, "content_type": 14, "object_id": "53", "object_repr": "6645645654645654", "action_flag": 1, "change_message": "[{\"added\": {}}]"}}, {"model": "admin.logentry", "pk": 168, "fields": {"action_time": "2022-07-04T14:28:50.873Z", "user": 1, "content_type": 14, "object_id": "53", "object_repr": "6645645654645654", "action_flag": 3, "change_message": ""}}, {"model": "admin.logentry", "pk": 169, "fields": {"action_time": "2022-07-04T14:28:50.885Z", "user": 1, "content_type": 14, "object_id": "52", "object_repr": "653654654666", "action_flag": 3, "change_message": ""}}, {"model": "admin.logentry", "pk": 170, "fields": {"action_time": "2022-07-04T14:28:50.888Z", "user": 1, "content_type": 14, "object_id": "51", "object_repr": "35345345345345", "action_flag": 3, "change_message": ""}}, {"model": "admin.logentry", "pk": 171, "fields": {"action_time": "2022-07-04T14:42:00.658Z", "user": 1, "content_type": 14, "object_id": "54", "object_repr": "534543543543", "action_flag": 1, "change_message": "[{\"added\": {}}]"}}, {"model": "admin.logentry", "pk": 172, "fields": {"action_time": "2022-07-04T14:42:41.931Z", "user": 1, "content_type": 14, "object_id": "55", "object_repr": "534534545554", "action_flag": 1, "change_message": "[{\"added\": {}}]"}}, {"model": "admin.logentry", "pk": 173, "fields": {"action_time": "2022-07-04T14:43:26.219Z", "user": 1, "content_type": 14, "object_id": "56", "object_repr": "4554665666464", "action_flag": 1, "change_message": "[{\"added\": {}}]"}}, {"model": "admin.logentry", "pk": 174, "fields": {"action_time": "2022-07-04T15:41:43.632Z", "user": 1, "content_type": 14, "object_id": "56", "object_repr": "4554665666464", "action_flag": 3, "change_message": ""}}, {"model": "admin.logentry", "pk": 175, "fields": {"action_time": "2022-07-04T15:41:43.645Z", "user": 1, "content_type": 14, "object_id": "55", "object_repr": "534534545554", "action_flag": 3, "change_message": ""}}, {"model": "admin.logentry", "pk": 176, "fields": {"action_time": "2022-07-04T15:41:43.647Z", "user": 1, "content_type": 14, "object_id": "54", "object_repr": "534543543543", "action_flag": 3, "change_message": ""}}, {"model": "admin.logentry", "pk": 177, "fields": {"action_time": "2022-07-22T09:14:40.197Z", "user": 1, "content_type": 6, "object_id": "30", "object_repr": "foodonline.pizzahut@gmail.com", "action_flag": 2, "change_message": "[{\"changed\": {\"fields\": [\"Is active\"]}}]"}}, {"model": "admin.logentry", "pk": 178, "fields": {"action_time": "2022-07-22T09:14:56.746Z", "user": 1, "content_type": 8, "object_id": "10", "object_repr": "Pizza Hut", "action_flag": 2, "change_message": "[{\"changed\": {\"fields\": [\"Is approved\"]}}]"}}, {"model": "admin.logentry", "pk": 179, "fields": {"action_time": "2022-07-22T09:23:20.771Z", "user": 1, "content_type": 8, "object_id": "11", "object_repr": "Domino's", "action_flag": 2, "change_message": "[{\"changed\": {\"fields\": [\"Is approved\"]}}]"}}, {"model": "admin.logentry", "pk": 180, "fields": {"action_time": "2022-07-22T09:23:38.544Z", "user": 1, "content_type": 6, "object_id": "31", "object_repr": "foodonline.dominos@gmail.com", "action_flag": 2, "change_message": "[{\"changed\": {\"fields\": [\"Is active\"]}}]"}}, {"model": "admin.logentry", "pk": 181, "fields": {"action_time": "2022-07-22T09:41:10.948Z", "user": 1, "content_type": 6, "object_id": "32", "object_repr": "foodonline.burgerking@gmail.com", "action_flag": 2, "change_message": "[{\"changed\": {\"fields\": [\"Is active\"]}}]"}}, {"model": "admin.logentry", "pk": 182, "fields": {"action_time": "2022-07-22T09:41:22.095Z", "user": 1, "content_type": 8, "object_id": "12", "object_repr": "Burger King", "action_flag": 2, "change_message": "[{\"changed\": {\"fields\": [\"Is approved\"]}}]"}}, {"model": "admin.logentry", "pk": 183, "fields": {"action_time": "2022-07-22T09:49:05.309Z", "user": 1, "content_type": 10, "object_id": "5", "object_repr": "Test Blank Category", "action_flag": 3, "change_message": ""}}, {"model": "admin.logentry", "pk": 184, "fields": {"action_time": "2022-07-22T09:49:36.477Z", "user": 1, "content_type": 12, "object_id": "87", "object_repr": "Friday", "action_flag": 3, "change_message": ""}}, {"model": "auth.permission", "pk": 1, "fields": {"name": "Can add log entry", "content_type": 1, "codename": "add_logentry"}}, {"model": "auth.permission", "pk": 2, "fields": {"name": "Can change log entry", "content_type": 1, "codename": "change_logentry"}}, {"model": "auth.permission", "pk": 3, "fields": {"name": "Can delete log entry", "content_type": 1, "codename": "delete_logentry"}}, {"model": "auth.permission", "pk": 4, "fields": {"name": "Can view log entry", "content_type": 1, "codename": "view_logentry"}}, {"model": "auth.permission", "pk": 5, "fields": {"name": "Can add permission", "content_type": 2, "codename": "add_permission"}}, {"model": "auth.permission", "pk": 6, "fields": {"name": "Can change permission", "content_type": 2, "codename": "change_permission"}}, {"model": "auth.permission", "pk": 7, "fields": {"name": "Can delete permission", "content_type": 2, "codename": "delete_permission"}}, {"model": "auth.permission", "pk": 8, "fields": {"name": "Can view permission", "content_type": 2, "codename": "view_permission"}}, {"model": "auth.permission", "pk": 9, "fields": {"name": "Can add group", "content_type": 3, "codename": "add_group"}}, {"model": "auth.permission", "pk": 10, "fields": {"name": "Can change group", "content_type": 3, "codename": "change_group"}}, {"model": "auth.permission", "pk": 11, "fields": {"name": "Can delete group", "content_type": 3, "codename": "delete_group"}}, {"model": "auth.permission", "pk": 12, "fields": {"name": "Can view group", "content_type": 3, "codename": "view_group"}}, {"model": "auth.permission", "pk": 13, "fields": {"name": "Can add content type", "content_type": 4, "codename": "add_contenttype"}}, {"model": "auth.permission", "pk": 14, "fields": {"name": "Can change content type", "content_type": 4, "codename": "change_contenttype"}}, {"model": "auth.permission", "pk": 15, "fields": {"name": "Can delete content type", "content_type": 4, "codename": "delete_contenttype"}}, {"model": "auth.permission", "pk": 16, "fields": {"name": "Can view content type", "content_type": 4, "codename": "view_contenttype"}}, {"model": "auth.permission", "pk": 17, "fields": {"name": "Can add session", "content_type": 5, "codename": "add_session"}}, {"model": "auth.permission", "pk": 18, "fields": {"name": "Can change session", "content_type": 5, "codename": "change_session"}}, {"model": "auth.permission", "pk": 19, "fields": {"name": "Can delete session", "content_type": 5, "codename": "delete_session"}}, {"model": "auth.permission", "pk": 20, "fields": {"name": "Can view session", "content_type": 5, "codename": "view_session"}}, {"model": "auth.permission", "pk": 21, "fields": {"name": "Can add user", "content_type": 6, "codename": "add_user"}}, {"model": "auth.permission", "pk": 22, "fields": {"name": "Can change user", "content_type": 6, "codename": "change_user"}}, {"model": "auth.permission", "pk": 23, "fields": {"name": "Can delete user", "content_type": 6, "codename": "delete_user"}}, {"model": "auth.permission", "pk": 24, "fields": {"name": "Can view user", "content_type": 6, "codename": "view_user"}}, {"model": "auth.permission", "pk": 25, "fields": {"name": "Can add user profile", "content_type": 7, "codename": "add_userprofile"}}, {"model": "auth.permission", "pk": 26, "fields": {"name": "Can change user profile", "content_type": 7, "codename": "change_userprofile"}}, {"model": "auth.permission", "pk": 27, "fields": {"name": "Can delete user profile", "content_type": 7, "codename": "delete_userprofile"}}, {"model": "auth.permission", "pk": 28, "fields": {"name": "Can view user profile", "content_type": 7, "codename": "view_userprofile"}}, {"model": "auth.permission", "pk": 29, "fields": {"name": "Can add vendor", "content_type": 8, "codename": "add_vendor"}}, {"model": "auth.permission", "pk": 30, "fields": {"name": "Can change vendor", "content_type": 8, "codename": "change_vendor"}}, {"model": "auth.permission", "pk": 31, "fields": {"name": "Can delete vendor", "content_type": 8, "codename": "delete_vendor"}}, {"model": "auth.permission", "pk": 32, "fields": {"name": "Can view vendor", "content_type": 8, "codename": "view_vendor"}}, {"model": "auth.permission", "pk": 33, "fields": {"name": "Can add food item", "content_type": 9, "codename": "add_fooditem"}}, {"model": "auth.permission", "pk": 34, "fields": {"name": "Can change food item", "content_type": 9, "codename": "change_fooditem"}}, {"model": "auth.permission", "pk": 35, "fields": {"name": "Can delete food item", "content_type": 9, "codename": "delete_fooditem"}}, {"model": "auth.permission", "pk": 36, "fields": {"name": "Can view food item", "content_type": 9, "codename": "view_fooditem"}}, {"model": "auth.permission", "pk": 37, "fields": {"name": "Can add category", "content_type": 10, "codename": "add_category"}}, {"model": "auth.permission", "pk": 38, "fields": {"name": "Can change category", "content_type": 10, "codename": "change_category"}}, {"model": "auth.permission", "pk": 39, "fields": {"name": "Can delete category", "content_type": 10, "codename": "delete_category"}}, {"model": "auth.permission", "pk": 40, "fields": {"name": "Can view category", "content_type": 10, "codename": "view_category"}}, {"model": "auth.permission", "pk": 41, "fields": {"name": "Can add cart", "content_type": 11, "codename": "add_cart"}}, {"model": "auth.permission", "pk": 42, "fields": {"name": "Can change cart", "content_type": 11, "codename": "change_cart"}}, {"model": "auth.permission", "pk": 43, "fields": {"name": "Can delete cart", "content_type": 11, "codename": "delete_cart"}}, {"model": "auth.permission", "pk": 44, "fields": {"name": "Can view cart", "content_type": 11, "codename": "view_cart"}}, {"model": "auth.permission", "pk": 45, "fields": {"name": "Can add opening hour", "content_type": 12, "codename": "add_openinghour"}}, {"model": "auth.permission", "pk": 46, "fields": {"name": "Can change opening hour", "content_type": 12, "codename": "change_openinghour"}}, {"model": "auth.permission", "pk": 47, "fields": {"name": "Can delete opening hour", "content_type": 12, "codename": "delete_openinghour"}}, {"model": "auth.permission", "pk": 48, "fields": {"name": "Can view opening hour", "content_type": 12, "codename": "view_openinghour"}}, {"model": "auth.permission", "pk": 49, "fields": {"name": "Can add tax", "content_type": 13, "codename": "add_tax"}}, {"model": "auth.permission", "pk": 50, "fields": {"name": "Can change tax", "content_type": 13, "codename": "change_tax"}}, {"model": "auth.permission", "pk": 51, "fields": {"name": "Can delete tax", "content_type": 13, "codename": "delete_tax"}}, {"model": "auth.permission", "pk": 52, "fields": {"name": "Can view tax", "content_type": 13, "codename": "view_tax"}}, {"model": "auth.permission", "pk": 53, "fields": {"name": "Can add order", "content_type": 14, "codename": "add_order"}}, {"model": "auth.permission", "pk": 54, "fields": {"name": "Can change order", "content_type": 14, "codename": "change_order"}}, {"model": "auth.permission", "pk": 55, "fields": {"name": "Can delete order", "content_type": 14, "codename": "delete_order"}}, {"model": "auth.permission", "pk": 56, "fields": {"name": "Can view order", "content_type": 14, "codename": "view_order"}}, {"model": "auth.permission", "pk": 57, "fields": {"name": "Can add payment", "content_type": 15, "codename": "add_payment"}}, {"model": "auth.permission", "pk": 58, "fields": {"name": "Can change payment", "content_type": 15, "codename": "change_payment"}}, {"model": "auth.permission", "pk": 59, "fields": {"name": "Can delete payment", "content_type": 15, "codename": "delete_payment"}}, {"model": "auth.permission", "pk": 60, "fields": {"name": "Can view payment", "content_type": 15, "codename": "view_payment"}}, {"model": "auth.permission", "pk": 61, "fields": {"name": "Can add ordered food", "content_type": 16, "codename": "add_orderedfood"}}, {"model": "auth.permission", "pk": 62, "fields": {"name": "Can change ordered food", "content_type": 16, "codename": "change_orderedfood"}}, {"model": "auth.permission", "pk": 63, "fields": {"name": "Can delete ordered food", "content_type": 16, "codename": "delete_orderedfood"}}, {"model": "auth.permission", "pk": 64, "fields": {"name": "Can view ordered food", "content_type": 16, "codename": "view_orderedfood"}}, {"model": "contenttypes.contenttype", "pk": 1, "fields": {"app_label": "admin", "model": "logentry"}}, {"model": "contenttypes.contenttype", "pk": 2, "fields": {"app_label": "auth", "model": "permission"}}, {"model": "contenttypes.contenttype", "pk": 3, "fields": {"app_label": "auth", "model": "group"}}, {"model": "contenttypes.contenttype", "pk": 4, "fields": {"app_label": "contenttypes", "model": "contenttype"}}, {"model": "contenttypes.contenttype", "pk": 5, "fields": {"app_label": "sessions", "model": "session"}}, {"model": "contenttypes.contenttype", "pk": 6, "fields": {"app_label": "accounts", "model": "user"}}, {"model": "contenttypes.contenttype", "pk": 7, "fields": {"app_label": "accounts", "model": "userprofile"}}, {"model": "contenttypes.contenttype", "pk": 8, "fields": {"app_label": "vendor", "model": "vendor"}}, {"model": "contenttypes.contenttype", "pk": 9, "fields": {"app_label": "menu", "model": "fooditem"}}, {"model": "contenttypes.contenttype", "pk": 10, "fields": {"app_label": "menu", "model": "category"}}, {"model": "contenttypes.contenttype", "pk": 11, "fields": {"app_label": "marketplace", "model": "cart"}}, {"model": "contenttypes.contenttype", "pk": 12, "fields": {"app_label": "vendor", "model": "openinghour"}}, {"model": "contenttypes.contenttype", "pk": 13, "fields": {"app_label": "marketplace", "model": "tax"}}, {"model": "contenttypes.contenttype", "pk": 14, "fields": {"app_label": "orders", "model": "order"}}, {"model": "contenttypes.contenttype", "pk": 15, "fields": {"app_label": "orders", "model": "payment"}}, {"model": "contenttypes.contenttype", "pk": 16, "fields": {"app_label": "orders", "model": "orderedfood"}}, {"model": "sessions.session", "pk": "032cteio0tixqc65janwaena4hcb2do1", "fields": {"session_data": ".eJxVjEEOwiAQRe_C2hAYsYBL9z0DGZhBqgaS0q6MdzckXej2v_f-WwTctxL2zmtYSFwFaHH6HSOmJ9dB6IH13mRqdVuXKIciD9rl3Ihft8P9OyjYy6i1AmW0t4qNZvDekvHZOguT084nMAoyXjRyRn8mipQSE2UwE7KyID5f4Ww4Bw:1oCcqU:auaX-l4xhyl_fch97FD3Xhzlq35zwEDm7T5W_Qg3jr4", "expire_date": "2022-07-30T08:08:14.871Z"}}, {"model": "sessions.session", "pk": "0rv0f2v9luiu41qzip2pq073wgsz35q7", "fields": {"session_data": ".eJxVjDsOwjAQBe_iGln-7tqU9JzB8meDA8iW4qRC3B0ipYD2zcx7sRC3tYZt0BLmws5MstPvlmJ-UNtBucd26zz3ti5z4rvCDzr4tRd6Xg7376DGUb-1AmcMoRIaLJLA6DSkTEJMODmUoCmDIfBFWRu1lVB81hoVCu-JkmXvD7NWNss:1mwV5A:rmph0VxyqZzQTOuYCSB3Qr3GWo6Sy5kvjmysBChmM0g", "expire_date": "2021-12-26T20:04:28.165Z"}}, {"model": "sessions.session", "pk": "0ychgvbjpvwqv91ca7uke7gtmm4fd50r", "fields": {"session_data": ".eJxVjMEOwiAQBf-FsyGAsIBH734DgYWVqoGktCfjv9smPej1zcx7sxDXpYZ1lDlMmV2Ycuz0O6aIz9J2kh-x3TvH3pZ5SnxX-EEHv_VcXtfD_TuocdStBqGMQI9k87mAJnBkHaA21hMo6bNC2piBaJOQWaoEqTiKxkotrS_s8wUDZjf6:1nYvHu:QEJ__7ntwJyce0_xMEdi_v5JM-LBdACzvJBekYYI9FE", "expire_date": "2022-04-11T19:44:26.088Z"}}, {"model": "sessions.session", "pk": "25b283pm687g2t1s6dz5ncdotj7bnjaw", "fields": {"session_data": ".eJxVjMEOwiAQBf-FsyHAFsp69N5vIMCCVA0kpT0Z_92Q9KDXNzPvzZw_9uKOnja3ErsyyS6_W_DxmeoA9PD13nhsdd_WwIfCT9r50ii9bqf7d1B8L6MWWiFqzDD7TBgxJQjWAgYrQZGA2ZoMZKI0Rns1STPpSCahQGlJR_b5AtE3Nzc:1nta0w:_VnSsz80gPg-udGUME2upfqPQ0swsuDdz6ZRBiftaNs", "expire_date": "2022-06-07T19:16:18.031Z"}}, {"model": "sessions.session", "pk": "2cuc6fpeujgmwkl98fk01tdpig16b5rx", "fields": {"session_data": ".eJxVjDsOwjAQBe_iGln-7tqU9JzB8meDA8iW4qRC3B0ipYD2zcx7sRC3tYZt0BLmws5MstPvlmJ-UNtBucd26zz3ti5z4rvCDzr4tRd6Xg7376DGUb-1AmcMoRIaLJLA6DSkTEJMODmUoCmDIfBFWRu1lVB81hoVCu-JkmXvD7NWNss:1mqFmC:I14BZiPtZEmz5q208lX5-zmZDFfSFpnabguTjL_O69k", "expire_date": "2021-12-09T14:31:04.451Z"}}, {"model": "sessions.session", "pk": "2d0ppa86km1a826wvrwc08i7bnq33dng", "fields": {"session_data": "eyJsYXQiOiIxOS4wNzEzOTQ5IiwibG5nIjoiNzIuOTk4NDEyNiJ9:1nrJKC:Lt-cSU1r_28Awv53cBqOdaF_56UbZGr4HROu_Nbnf4Y", "expire_date": "2022-06-01T13:02:48.057Z"}}, {"model": "sessions.session", "pk": "2samyopsos2nx7hk5vwbczdla0sj34vu", "fields": {"session_data": ".eJxVjDsOwjAQBe_iGln-7tqU9JzB8meDA8iW4qRC3B0ipYD2zcx7sRC3tYZt0BLmws5MstPvlmJ-UNtBucd26zz3ti5z4rvCDzr4tRd6Xg7376DGUb-1AmcMoRIaLJLA6DSkTEJMODmUoCmDIfBFWRu1lVB81hoVCu-JkmXvD7NWNss:1nZGbE:iW47eSDwaTONVDspe3nBS-ov7b2GuoArMbOolP4Up90", "expire_date": "2022-04-12T18:29:48.077Z"}}, {"model": "sessions.session", "pk": "2x82aostgim4lnuiar8mheefot2kp772", "fields": {"session_data": ".eJxVjDsOwjAQBe_iGln-7tqU9JzB8meDA8iW4qRC3B0ipYD2zcx7sRC3tYZt0BLmws5MstPvlmJ-UNtBucd26zz3ti5z4rvCDzr4tRd6Xg7376DGUb-1AmcMoRIaLJLA6DSkTEJMODmUoCmDIfBFWRu1lVB81hoVCu-JkmXvD7NWNss:1n13H6:5ftBcUDmKCQShBKqYN-ZP5AcL1Fqge--4oXGd2dTAzU", "expire_date": "2022-01-08T09:23:36.558Z"}}, {"model": "sessions.session", "pk": "33365ws8a8u4x76hh8bfvfx2i7ib3xzw", "fields": {"session_data": ".eJxVjMEOwiAQBf-FsyHAFsp69N5vIMCCVA0kpT0Z_92Q9KDXNzPvzZw_9uKOnja3ErsyyS6_W_DxmeoA9PD13nhsdd_WwIfCT9r50ii9bqf7d1B8L6MWWiFqzDD7TBgxJQjWAgYrQZGA2ZoMZKI0Rns1STPpSCahQGlJR_b5AtE3Nzc:1nwktx:U0YuXN3uabvH5gtLhg3Qklmmx8elMfBM1RjQJ4NgIZ0", "expire_date": "2022-06-16T13:30:13.029Z"}}, {"model": "sessions.session", "pk": "37h6hnixrmxnxd7f1zwqyudj6fvnxxu4", "fields": {"session_data": ".eJxVjDsOwjAQBe_iGln-7tqU9JzB8meDA8iW4qRC3B0ipYD2zcx7sRC3tYZt0BLmws5MstPvlmJ-UNtBucd26zz3ti5z4rvCDzr4tRd6Xg7376DGUb-1AmcMoRIaLJLA6DSkTEJMODmUoCmDIfBFWRu1lVB81hoVCu-JkmXvD7NWNss:1nXiAX:SZJSHyB4agHktiDuuVe_9gwRDe3QdUnbE4QbYU4ciZc", "expire_date": "2022-04-08T11:31:49.172Z"}}, {"model": "sessions.session", "pk": "3fkuw7phi2jr1ppmwo55ix9asuthkmvx", "fields": {"session_data": ".eJxVjDsOwjAQBe_iGln-7tqU9JzB8meDA8iW4qRC3B0ipYD2zcx7sRC3tYZt0BLmws5MstPvlmJ-UNtBucd26zz3ti5z4rvCDzr4tRd6Xg7376DGUb-1AmcMoRIaLJLA6DSkTEJMODmUoCmDIfBFWRu1lVB81hoVCu-JkmXvD7NWNss:1nHOtr:dK17vjRdMKexCqa_pOpTvITCiXSx7cO1Ki4QAWmnv_U", "expire_date": "2022-02-22T11:43:11.683Z"}}, {"model": "sessions.session", "pk": "3hjukz1qs26gh2t8x06gmlnryz5kfg5v", "fields": {"session_data": ".eJxVjEEOwiAQRe_C2hARGMCl-56BDMxUqgaS0q6Md7dNutDte-__t4i4LiWunec4kbiKixKnX5gwP7nuhh5Y703mVpd5SnJP5GG7HBrx63a0fwcFe9nWSM5CJiZmlyEnq0gZIA2g2RnrIQVPoxmtTcnh2aEJZBjYh41YTeLzBS49OLY:1nEqHW:QmWI8dIb2eMUjs4J_NZ9Wxhe9-x_zIwv6mMPSeY1sBU", "expire_date": "2022-02-15T10:21:02.762Z"}}, {"model": "sessions.session", "pk": "3untt0bbg1anmxlis5rn8owcoseixt6n", "fields": {"session_data": ".eJxVjEEOwiAQRe_C2hARGMCl-56BDMxUqgaS0q6Md7dNutDte-__t4i4LiWunec4kbiKixKnX5gwP7nuhh5Y703mVpd5SnJP5GG7HBrx63a0fwcFe9nWSM5CJiZmlyEnq0gZIA2g2RnrIQVPoxmtTcnh2aEJZBjYh41YTeLzBS49OLY:1n4Pyp:iktYgwcYc5GhIqiLBW5dCAuIRGsAbHhoq2U1iw1ZVdE", "expire_date": "2022-01-17T16:14:39.910Z"}}, {"model": "sessions.session", "pk": "4q8xdqmc4vwrqx8m85kr0wptkvyqgrxo", "fields": {"session_data": ".eJxVjMEOwiAQBf-FsyHAFsp69N5vIMCCVA0kpT0Z_92Q9KDXNzPvzZw_9uKOnja3ErsyyS6_W_DxmeoA9PD13nhsdd_WwIfCT9r50ii9bqf7d1B8L6MWWiFqzDD7TBgxJQjWAgYrQZGA2ZoMZKI0Rns1STPpSCahQGlJR_b5AtE3Nzc:1nxR2d:-cx71HUOxUh1FhKf-5baRK6HK4Tyxa8_gRB0F5njHmY", "expire_date": "2022-06-18T10:29:59.725Z"}}, {"model": "sessions.session", "pk": "4w78jg8fidu2wh6v1h5g8p4ywsc2pjjm", "fields": {"session_data": ".eJxVjEEOwiAQRe_C2hARGMCl-56BDMxUqgaS0q6Md7dNutDte-__t4i4LiWunec4kbiKixKnX5gwP7nuhh5Y703mVpd5SnJP5GG7HBrx63a0fwcFe9nWSM5CJiZmlyEnq0gZIA2g2RnrIQVPoxmtTcnh2aEJZBjYh41YTeLzBS49OLY:1nHNo9:OviEOWPhwkMS205boMOpVOwmw0se4H2AbVF9rUQLAHw", "expire_date": "2022-02-22T10:33:13.356Z"}}, {"model": "sessions.session", "pk": "54e8rmcvlq9vim0hdmu6xd7c7ukz56v2", "fields": {"session_data": ".eJxVjEEOwiAQRe_C2hAYsYBL9z0DGZhBqgaS0q6MdzckXej2v_f-WwTctxL2zmtYSFwFaHH6HSOmJ9dB6IH13mRqdVuXKIciD9rl3Ihft8P9OyjYy6i1AmW0t4qNZvDekvHZOguT084nMAoyXjRyRn8mipQSE2UwE7KyID5f4Ww4Bw:1nuZmY:UZjttcXzdwFmoqmX5yZTV5nZ2wKNFRXkSgjWQ8CT40g", "expire_date": "2022-06-10T13:13:34.147Z"}}, {"model": "sessions.session", "pk": "5jy3su2nsacbrdkt41aqwy0suitszeg3", "fields": {"session_data": ".eJxVjEEOwiAQAP_C2ZAta6F69O4byMIuUjWQlPZk_LuS9KDXmcm8lKdtzX5rsviZ1VkZVIdfGCg-pHTDdyq3qmMt6zIH3RO926avleV52du_QaaW-9dwMkcQjozsZMTgIA1JTmAsUiSArw8GyU3WorBYY8cJnSQgcTSo9wcdEDiD:1nryYn:vDK0u5l3F9c02nShTKPnlpNz1ieFgrxCyNC0gvd5SOo", "expire_date": "2022-06-03T09:04:37.477Z"}}, {"model": "sessions.session", "pk": "5mxatizcgyeom90ikhq1cr7355eciz5u", "fields": {"session_data": ".eJxVjDsOwjAQBe_iGln-7tqU9JzB8meDA8iW4qRC3B0ipYD2zcx7sRC3tYZt0BLmws5MstPvlmJ-UNtBucd26zz3ti5z4rvCDzr4tRd6Xg7376DGUb-1AmcMoRIaLJLA6DSkTEJMODmUoCmDIfBFWRu1lVB81hoVCu-JkmXvD7NWNss:1nEsrx:R7VPm_2_uBKaucKNYGy54yz-wernaSyixn56-POvC9o", "expire_date": "2022-02-15T13:06:49.516Z"}}, {"model": "sessions.session", "pk": "6djtaoz19s825bu2w7fx6f95qhkru7tx", "fields": {"session_data": ".eJxVjEEOwiAQRe_C2hARGMCl-56BDMxUqgaS0q6Md7dNutDte-__t4i4LiWunec4kbiKixKnX5gwP7nuhh5Y703mVpd5SnJP5GG7HBrx63a0fwcFe9nWSM5CJiZmlyEnq0gZIA2g2RnrIQVPoxmtTcnh2aEJZBjYh41YTeLzBS49OLY:1n57zQ:BsVTvi-pHKNjfaUMff_ryETosrJomXN_Rlwpb3A_Gw8", "expire_date": "2022-01-19T15:14:12.951Z"}}, {"model": "sessions.session", "pk": "6ikxikrmovajr18qs0gsqwokp4naitje", "fields": {"session_data": ".eJxVjMsKwjAQRf8lawmTmMSJS_f9hjIzGUxVWuhjJf67DXShcFf3HM7b9LSttd8WnfuhmKvxYE6_J5M8dWykPGi8T1amcZ0Htk2xB11sNxV93Q73L1Bpqa3rIWghwJwDoPAFz8DRQ07MohnJJSfRJ_EUHHpWcYgadkFwXzSfL-fHN0M:1o6xVf:mdgMGdElEDc2cg_SrBR0SeK9L_kpA9RI9ld-m4OJdzM", "expire_date": "2022-07-14T16:59:19.400Z"}}, {"model": "sessions.session", "pk": "77dn6teiwwvia7k7x52tlxcgg0zy98m9", "fields": {"session_data": ".eJxVjMEOwiAQBf-FsyHAFsp69N5vIMCCVA0kpT0Z_92Q9KDXNzPvzZw_9uKOnja3ErsyyS6_W_DxmeoA9PD13nhsdd_WwIfCT9r50ii9bqf7d1B8L6MWWiFqzDD7TBgxJQjWAgYrQZGA2ZoMZKI0Rns1STPpSCahQGlJR_b5AtE3Nzc:1o06bQ:VexsAz-zhQdOtP1-6V1g1-1L2kGl5VPv-GkxKeq7BGo", "expire_date": "2022-06-25T19:16:56.461Z"}}, {"model": "sessions.session", "pk": "79mvddjs13vgkt5zk0iku2eqxr3wa18t", "fields": {"session_data": ".eJxVjEEOwiAQAP_C2RBgC2U9evcNZGGpVA0kpT0Z_25qetDrzGReItC2lrD1vISZxVkYJU6_MFJ65LobvlO9NZlaXZc5yj2Rh-3y2jg_L0f7NyjUy_ebkzeRLDt0nGEC9GS8nnCwFnikFNXoSCk2JuYhEUdEBKu1BtAGxfsDCNE3mQ:1nMywI:1dKsb7aYfqm0wCjcp_76lKdd0Lfz0hD7K2IO_Bk7ZNU", "expire_date": "2022-03-09T21:12:46.586Z"}}, {"model": "sessions.session", "pk": "84y3h9hhgihuuxvfyx48tk1ayjxink7j", "fields": {"session_data": ".eJxVjEEOwiAQAP_C2ZAta6F69O4byMIuUjWQlPZk_LuS9KDXmcm8lKdtzX5rsviZ1VkZVIdfGCg-pHTDdyq3qmMt6zIH3RO926avleV52du_QaaW-9dwMkcQjozsZMTgIA1JTmAsUiSArw8GyU3WorBYY8cJnSQgcTSo9wcdEDiD:1nvOUY:zZ39LstV22wvcpybaFcVFu51u_X--C8vpqvyD38hQek", "expire_date": "2022-06-12T19:22:22.988Z"}}, {"model": "sessions.session", "pk": "89s72l0nkjy95dsbe8sdazs8hhvkfco8", "fields": {"session_data": ".eJxVjMsKwjAQRf8lawmTmMSJS_f9hjIzGUxVWuhjJf67DXShcFf3HM7b9LSttd8WnfuhmKvxYE6_J5M8dWykPGi8T1amcZ0Htk2xB11sNxV93Q73L1Bpqa3rIWghwJwDoPAFz8DRQ07MohnJJSfRJ_EUHHpWcYgadkFwXzSfL-fHN0M:1o8lje:k6KYn__uoDZ3LLuCAlbLoIpiE5G51-BvSiHxb-EbWJ8", "expire_date": "2022-07-19T16:49:14.953Z"}}, {"model": "sessions.session", "pk": "8sm5f3tgjopgyl963uhz1xx2ezlmyoqv", "fields": {"session_data": ".eJxVjMEOwiAQBf-FsyGAsIBH734DgYWVqoGktCfjv9smPej1zcx7sxDXpYZ1lDlMmV2Ycuz0O6aIz9J2kh-x3TvH3pZ5SnxX-EEHv_VcXtfD_TuocdStBqGMQI9k87mAJnBkHaA21hMo6bNC2piBaJOQWaoEqTiKxkotrS_s8wUDZjf6:1nZGlX:ypL1ZMHFmy4G3826o5tHFJE6edtMeyEJ3dfe3xxVlrk", "expire_date": "2022-04-12T18:40:27.512Z"}}, {"model": "sessions.session", "pk": "9c5yowtkqqhwegp57xsqb2k6oiya1zlx", "fields": {"session_data": ".eJxVjMsKwjAQRf8lawmTmMSJS_f9hjIzGUxVWuhjJf67DXShcFf3HM7b9LSttd8WnfuhmKvxYE6_J5M8dWykPGi8T1amcZ0Htk2xB11sNxV93Q73L1Bpqa3rIWghwJwDoPAFz8DRQ07MohnJJSfRJ_EUHHpWcYgadkFwXzSfL-fHN0M:1o17U2:wQ65iqdhzfgQRNO4NqveZUEGBdfHTxGwhiGiYzy8qQg", "expire_date": "2022-06-28T14:25:30.514Z"}}, {"model": "sessions.session", "pk": "9hu7jsf3cauxugpcs33dygsus16rzt8o", "fields": {"session_data": ".eJxVjEEOwiAQRe_C2hAYsYBL9z0DGZhBqgaS0q6MdzckXej2v_f-WwTctxL2zmtYSFwFaHH6HSOmJ9dB6IH13mRqdVuXKIciD9rl3Ihft8P9OyjYy6i1AmW0t4qNZvDekvHZOguT084nMAoyXjRyRn8mipQSE2UwE7KyID5f4Ww4Bw:1o9oN4:QHgMeiFCAGlYbFrOVV9ZUWwVocL4_Ob4Az0US3a-c40", "expire_date": "2022-07-22T13:50:14.080Z"}}, {"model": "sessions.session", "pk": "9yux8s6zt5e1b03ao91hytp6vtjhjauh", "fields": {"session_data": ".eJxVjMEOwiAQBf-FsyHAFsp69N5vIMCCVA0kpT0Z_92Q9KDXNzPvzZw_9uKOnja3ErsyyS6_W_DxmeoA9PD13nhsdd_WwIfCT9r50ii9bqf7d1B8L6MWWiFqzDD7TBgxJQjWAgYrQZGA2ZoMZKI0Rns1STPpSCahQGlJR_b5AtE3Nzc:1nayxG:VK2lzYbS3KYytxU-WTKhiiL6RW9rgsBUMSBangOyiVE", "expire_date": "2022-04-17T12:03:38.240Z"}}, {"model": "sessions.session", "pk": "a1a7003khyfxehk9mruo3swh56l0b91j", "fields": {"session_data": ".eJxVjDsOwjAQBe_iGln-7tqU9JzB8meDA8iW4qRC3B0ipYD2zcx7sRC3tYZt0BLmws5MstPvlmJ-UNtBucd26zz3ti5z4rvCDzr4tRd6Xg7376DGUb-1AmcMoRIaLJLA6DSkTEJMODmUoCmDIfBFWRu1lVB81hoVCu-JkmXvD7NWNss:1nYusf:z7hP_2sCiBGjMRso1hcQw21VE6N_k8truAnW3mWQAHQ", "expire_date": "2022-04-11T19:18:21.017Z"}}, {"model": "sessions.session", "pk": "awvb24ksr3pca5xmc0lzvxujfvu3umgg", "fields": {"session_data": ".eJxVjMEOwiAQBf-FsyHAFsp69N5vIMCCVA0kpT0Z_92Q9KDXNzPvzZw_9uKOnja3ErsyyS6_W_DxmeoA9PD13nhsdd_WwIfCT9r50ii9bqf7d1B8L6MWWiFqzDD7TBgxJQjWAgYrQZGA2ZoMZKI0Rns1STPpSCahQGlJR_b5AtE3Nzc:1o8MrC:H6SJZSlOX_5wNUYV8T78HH4VHlUtOSB5if5tdwr8gSs", "expire_date": "2022-07-18T14:15:22.714Z"}}, {"model": "sessions.session", "pk": "b24uw2lm2jff2nwav4x22cy08x0dn5q7", "fields": {"session_data": ".eJxVjMsKwjAQRf8lawmTmMSJS_f9hjIzGUxVWuhjJf67DXShcFf3HM7b9LSttd8WnfuhmKvxYE6_J5M8dWykPGi8T1amcZ0Htk2xB11sNxV93Q73L1Bpqa3rIWghwJwDoPAFz8DRQ07MohnJJSfRJ_EUHHpWcYgadkFwXzSfL-fHN0M:1o4iTb:mCKjLzv6k3vcIliYeNCKoPCjjpcQBoC1UUQFb7IWpvU", "expire_date": "2022-07-08T12:31:55.470Z"}}, {"model": "sessions.session", "pk": "bcvom2nlj64aryw3l81ynogwb1hz60hm", "fields": {"session_data": ".eJxVjDsOwjAQBe_iGlnOrj8bSnrOYPmzwQFkS3FSIe4OkVJA-2bmvYQP21r81nnxcxZnAShOv2MM6cF1J_ke6q3J1Oq6zFHuijxol9eW-Xk53L-DEnr51s6isXrUDjWAAQZyjJCsIo4To7bOmEQ4TJjDqDRkIIxMlAeliQHE-wPFejaV:1nReCm:swpC68xO9p6QV_gqIMmZ5KhIuhIX8W5pqFuKlI6wxmc", "expire_date": "2022-03-22T18:05:04.080Z"}}, {"model": "sessions.session", "pk": "bsnhjh8kkyry5mvhprgdc4lonyhl5iur", "fields": {"session_data": ".eJxVjEEOwiAQRe_C2hARGMCl-56BDMxUqgaS0q6Md7dNutDte-__t4i4LiWunec4kbiKixKnX5gwP7nuhh5Y703mVpd5SnJP5GG7HBrx63a0fwcFe9nWSM5CJiZmlyEnq0gZIA2g2RnrIQVPoxmtTcnh2aEJZBjYh41YTeLzBS49OLY:1n4Ryd:aGsJYL-FfVQ55Lc19FjwICOr_v14BTGM-0l7zCOuCD4", "expire_date": "2022-01-17T18:22:35.062Z"}}, {"model": "sessions.session", "pk": "cgtew07837ei5gj5ifr9tl6ol2z19hs3", "fields": {"session_data": ".eJxVjEEOwiAQRe_C2hARGMCl-56BDMxUqgaS0q6Md7dNutDte-__t4i4LiWunec4kbiKixKnX5gwP7nuhh5Y703mVpd5SnJP5GG7HBrx63a0fwcFe9nWSM5CJiZmlyEnq0gZIA2g2RnrIQVPoxmtTcnh2aEJZBjYh41YTeLzBS49OLY:1nCJGI:-6S84XG_rAeW0fNkcK_-Y6spUWklX3yDOCLyD-dTHwM", "expire_date": "2022-02-08T10:41:18.799Z"}}, {"model": "sessions.session", "pk": "ct8ibqoz5glbiyx7pjnv29dshapngt9h", "fields": {"session_data": ".eJxVjEEOwiAQRe_C2hARGMCl-56BDMxUqgaS0q6Md7dNutDte-__t4i4LiWunec4kbiKixKnX5gwP7nuhh5Y703mVpd5SnJP5GG7HBrx63a0fwcFe9nWSM5CJiZmlyEnq0gZIA2g2RnrIQVPoxmtTcnh2aEJZBjYh41YTeLzBS49OLY:1nBCKD:tQ_h_19apwMVHEGMztA_jTyY9GCOI4bblFpcYPC9rSo", "expire_date": "2022-02-05T09:04:45.644Z"}}, {"model": "sessions.session", "pk": "cyqxmq8uiqqhy4xfcwklmdmd9uzuflil", "fields": {"session_data": ".eJxVjDsOwjAQBe_iGln-7tqU9JzB8meDA8iW4qRC3B0ipYD2zcx7sRC3tYZt0BLmws5MstPvlmJ-UNtBucd26zz3ti5z4rvCDzr4tRd6Xg7376DGUb-1AmcMoRIaLJLA6DSkTEJMODmUoCmDIfBFWRu1lVB81hoVCu-JkmXvD7NWNss:1mtEUG:EA_EqqbHYiiOU_J9zvHl5BDC49Y_cUTv8MVXDFVm9oA", "expire_date": "2021-12-17T19:44:52.229Z"}}, {"model": "sessions.session", "pk": "cysn1xlst8iedckmsjkmtj5tagtyhqev", "fields": {"session_data": ".eJxVjMEOwiAQBf-FsyHAFsp69N5vIMCCVA0kpT0Z_92Q9KDXNzPvzZw_9uKOnja3ErsyyS6_W_DxmeoA9PD13nhsdd_WwIfCT9r50ii9bqf7d1B8L6MWWiFqzDD7TBgxJQjWAgYrQZGA2ZoMZKI0Rns1STPpSCahQGlJR_b5AtE3Nzc:1naz53:dIhNPIEroATJ2nhVrjxO3Za6x1Fe4v1KDUcC39_SS1U", "expire_date": "2022-04-17T12:11:41.569Z"}}, {"model": "sessions.session", "pk": "d1abp4trk7kc61ebr1izj290sh23n4qj", "fields": {"session_data": ".eJxVjEEOwiAQRe_C2hAYsYBL9z0DGZhBqgaS0q6MdzckXej2v_f-WwTctxL2zmtYSFwFaHH6HSOmJ9dB6IH13mRqdVuXKIciD9rl3Ihft8P9OyjYy6i1AmW0t4qNZvDekvHZOguT084nMAoyXjRyRn8mipQSE2UwE7KyID5f4Ww4Bw:1nuXiu:t2M2_pfodhherrjAVpcQgpFxkh1yMK6AgAwr2rbh1CU", "expire_date": "2022-06-10T11:01:40.385Z"}}, {"model": "sessions.session", "pk": "d6posw3vvg4e14m1f8gdh5ll80856tdw", "fields": {"session_data": ".eJxVjDsOwjAQBe_iGln-7tqU9JzB8meDA8iW4qRC3B0ipYD2zcx7sRC3tYZt0BLmws5MstPvlmJ-UNtBucd26zz3ti5z4rvCDzr4tRd6Xg7376DGUb-1AmcMoRIaLJLA6DSkTEJMODmUoCmDIfBFWRu1lVB81hoVCu-JkmXvD7NWNss:1mwqcS:GUJiKELc97n4F3T34ad8GFm_gmlfOTidOZQOjt_pZko", "expire_date": "2021-12-27T19:04:16.232Z"}}, {"model": "sessions.session", "pk": "doeaj1rz3y5nkvn1f4s8yj028a2i71pm", "fields": {"session_data": ".eJxVjMEOwiAQBf-FsyHAFsp69N5vIMCCVA0kpT0Z_92Q9KDXNzPvzZw_9uKOnja3ErsyyS6_W_DxmeoA9PD13nhsdd_WwIfCT9r50ii9bqf7d1B8L6MWWiFqzDD7TBgxJQjWAgYrQZGA2ZoMZKI0Rns1STPpSCahQGlJR_b5AtE3Nzc:1nsNAF:P4IJbSmhwsLN4_dm35BRT6-lApjkK68OC_WMkXPOtoc", "expire_date": "2022-06-04T11:20:55.343Z"}}, {"model": "sessions.session", "pk": "f75mo7zf0whes6vyla5zvj8b3yt74etd", "fields": {"session_data": ".eJxVjMsKwjAQRf8lawmTmMSJS_f9hjIzGUxVWuhjJf67DXShcFf3HM7b9LSttd8WnfuhmKvxYE6_J5M8dWykPGi8T1amcZ0Htk2xB11sNxV93Q73L1Bpqa3rIWghwJwDoPAFz8DRQ07MohnJJSfRJ_EUHHpWcYgadkFwXzSfL-fHN0M:1o3bQ7:BvbNWiggTDcawwqXvSHmpKXELUD07LhT165x4g863so", "expire_date": "2022-07-05T10:47:43.904Z"}}, {"model": "sessions.session", "pk": "fdtzk1k84uiu5q8i06tu7v6enwyib62g", "fields": {"session_data": ".eJxVjDsOwjAQBe_iGln-7tqU9JzB8meDA8iW4qRC3B0ipYD2zcx7sRC3tYZt0BLmws5MstPvlmJ-UNtBucd26zz3ti5z4rvCDzr4tRd6Xg7376DGUb-1AmcMoRIaLJLA6DSkTEJMODmUoCmDIfBFWRu1lVB81hoVCu-JkmXvD7NWNss:1nBDPh:HjOHdgqF43_9MCdPEkF-Do8Iw1nAJfIvSl_wzPuxkyk", "expire_date": "2022-02-05T10:14:29.306Z"}}, {"model": "sessions.session", "pk": "g0pejyx49ddmgsoegj34nk957uvtkj8r", "fields": {"session_data": ".eJxVjMsKwjAQRf8lawmTmMSJS_f9hjIzGUxVWuhjJf67DXShcFf3HM7b9LSttd8WnfuhmKvxYE6_J5M8dWykPGi8T1amcZ0Htk2xB11sNxV93Q73L1Bpqa3rIWghwJwDoPAFz8DRQ07MohnJJSfRJ_EUHHpWcYgadkFwXzSfL-fHN0M:1o1rXK:iQ1m76PtTN-XHPzPxH-kcVpcu4XSSHSGreHMrla3ez4", "expire_date": "2022-06-30T15:35:58.967Z"}}, {"model": "sessions.session", "pk": "ghfuegk8yit277fybsms8fz0ncr3kqea", "fields": {"session_data": ".eJxVjMEOwiAQBf-FsyHAFsp69N5vIMCCVA0kpT0Z_92Q9KDXNzPvzZw_9uKOnja3ErsyyS6_W_DxmeoA9PD13nhsdd_WwIfCT9r50ii9bqf7d1B8L6MWWiFqzDD7TBgxJQjWAgYrQZGA2ZoMZKI0Rns1STPpSCahQGlJR_b5AtE3Nzc:1o3G4c:Zd_OKW40Mk00jdMiJUvquymOAOjYHIm8H5SRh31FKMg", "expire_date": "2022-07-04T12:00:06.135Z"}}, {"model": "sessions.session", "pk": "gpmv9bf64dgb0ov7fdvf5r09xopmko7d", "fields": {"session_data": ".eJxVjEEOwiAQRe_C2hARGMCl-56BDMxUqgaS0q6Md7dNutDte-__t4i4LiWunec4kbiKixKnX5gwP7nuhh5Y703mVpd5SnJP5GG7HBrx63a0fwcFe9nWSM5CJiZmlyEnq0gZIA2g2RnrIQVPoxmtTcnh2aEJZBjYh41YTeLzBS49OLY:1nITuP:pUBTM6U6nnN5zY4mgf98Bhdao_JmJoG905aKRaljEVI", "expire_date": "2022-02-25T11:16:13.302Z"}}, {"model": "sessions.session", "pk": "h0phmdfne2hqpzv1rtv4tcjkhxbl13i7", "fields": {"session_data": ".eJxVjDsOwjAQBe_iGln-7tqU9JzB8meDA8iW4qRC3B0ipYD2zcx7sRC3tYZt0BLmws5MstPvlmJ-UNtBucd26zz3ti5z4rvCDzr4tRd6Xg7376DGUb-1AmcMoRIaLJLA6DSkTEJMODmUoCmDIfBFWRu1lVB81hoVCu-JkmXvD7NWNss:1msS8N:BovUggX_tNiJjz2bSwsP5PZ2ikOcWqGvxBE7wnt-NTA", "expire_date": "2021-12-15T16:07:03.179Z"}}, {"model": "sessions.session", "pk": "h86cmabw59klmbx94qj4tmen9d1iqmn2", "fields": {"session_data": ".eJxVjEEOwiAQRe_C2hARGMCl-56BDMxUqgaS0q6Md7dNutDte-__t4i4LiWunec4kbiKixKnX5gwP7nuhh5Y703mVpd5SnJP5GG7HBrx63a0fwcFe9nWSM5CJiZmlyEnq0gZIA2g2RnrIQVPoxmtTcnh2aEJZBjYh41YTeLzBS49OLY:1n3zqm:rCGhSJmLE9A6xvWwEPAOG89GuEpomPeTDiFbuj3qgEs", "expire_date": "2022-01-16T12:20:36.396Z"}}, {"model": "sessions.session", "pk": "h89iuq5b6sz71knu55hnyhuzvnvde8wo", "fields": {"session_data": ".eJxVjDsOwjAQBe_iGln-7tqU9JzB8meDA8iW4qRC3B0ipYD2zcx7sRC3tYZt0BLmws5MstPvlmJ-UNtBucd26zz3ti5z4rvCDzr4tRd6Xg7376DGUb-1AmcMoRIaLJLA6DSkTEJMODmUoCmDIfBFWRu1lVB81hoVCu-JkmXvD7NWNss:1n3yA4:ciXlpzhSjNgydhl2CZKPI7BorRR4JvfM8ArmuLLgpLQ", "expire_date": "2022-01-16T10:32:24.770Z"}}, {"model": "sessions.session", "pk": "hbewg12wz4r8325lxl1y6mad9wj07vxi", "fields": {"session_data": ".eJxVjMEOwiAQBf-FsyHAFsp69N5vIMCCVA0kpT0Z_92Q9KDXNzPvzZw_9uKOnja3ErsyyS6_W_DxmeoA9PD13nhsdd_WwIfCT9r50ii9bqf7d1B8L6MWWiFqzDD7TBgxJQjWAgYrQZGA2ZoMZKI0Rns1STPpSCahQGlJR_b5AtE3Nzc:1o9rDE:0ZjN9LHq-Z9kt3gG3B3-BMzCryysdLyCgFL3ByI8XPY", "expire_date": "2022-07-22T16:52:16.634Z"}}, {"model": "sessions.session", "pk": "hjyp1cqmrpoarw0io2tteq8sbxevp0nc", "fields": {"session_data": ".eJxVjEEOwiAQRe_C2hARGMCl-56BDMxUqgaS0q6Md7dNutDte-__t4i4LiWunec4kbiKixKnX5gwP7nuhh5Y703mVpd5SnJP5GG7HBrx63a0fwcFe9nWSM5CJiZmlyEnq0gZIA2g2RnrIQVPoxmtTcnh2aEJZBjYh41YTeLzBS49OLY:1n7aXR:SmkDPxqdQmkvoz56wJ_bPapsiaySjPSI7SJ3SsGM1k4", "expire_date": "2022-01-26T10:07:29.396Z"}}, {"model": "sessions.session", "pk": "idua9jftmya5tx3iblt8b26dtoleygbp", "fields": {"session_data": ".eJxVjDsOwjAQBe_iGln-7tqU9JzB8meDA8iW4qRC3B0ipYD2zcx7sRC3tYZt0BLmws5MstPvlmJ-UNtBucd26zz3ti5z4rvCDzr4tRd6Xg7376DGUb-1AmcMoRIaLJLA6DSkTEJMODmUoCmDIfBFWRu1lVB81hoVCu-JkmXvD7NWNss:1nOlAR:i1P9iR9d0qnryyb37LwF4Njeq-p77EIrH1tk5NPdwMU", "expire_date": "2022-03-14T18:54:43.398Z"}}, {"model": "sessions.session", "pk": "ig5dxd7h5gerqe2s08ls7oe8w1k9e47n", "fields": {"session_data": ".eJxVjEEOwiAQRe_C2hARGMCl-56BDMxUqgaS0q6Md7dNutDte-__t4i4LiWunec4kbiKixKnX5gwP7nuhh5Y703mVpd5SnJP5GG7HBrx63a0fwcFe9nWSM5CJiZmlyEnq0gZIA2g2RnrIQVPoxmtTcnh2aEJZBjYh41YTeLzBS49OLY:1nFhkn:E9HoBQ2bnIVDWrX7gfL5SbywR2tfJtUkdLjxJE6uWTA", "expire_date": "2022-02-17T19:26:49.629Z"}}, {"model": "sessions.session", "pk": "iwdd3smksrx9wdn9cgtt35kdixgft4uo", "fields": {"session_data": ".eJxVjDsOwjAQBe_iGln-7tqU9JzB8meDA8iW4qRC3B0ipYD2zcx7sRC3tYZt0BLmws5MstPvlmJ-UNtBucd26zz3ti5z4rvCDzr4tRd6Xg7376DGUb-1AmcMoRIaLJLA6DSkTEJMODmUoCmDIfBFWRu1lVB81hoVCu-JkmXvD7NWNss:1muYHw:iV2gqzwap0phDQLDLK4Niab7k8DoajgP-NUGKc-G4ks", "expire_date": "2021-12-21T11:05:36.371Z"}}, {"model": "sessions.session", "pk": "j7exqkqwfxtlpmsf7y5xxd9wp1arrtaw", "fields": {"session_data": ".eJxVjEEOwiAQAP_C2RBgC2U9evcNZGGpVA0kpT0Z_25qetDrzGReItC2lrD1vISZxVkYJU6_MFJ65LobvlO9NZlaXZc5yj2Rh-3y2jg_L0f7NyjUy_ebkzeRLDt0nGEC9GS8nnCwFnikFNXoSCk2JuYhEUdEBKu1BtAGxfsDCNE3mQ:1nOimx:C2fCoJ-xoIGXclLPeMrkA7ucj0doXx611BkZfKOnQaA", "expire_date": "2022-03-14T16:22:19.881Z"}}, {"model": "sessions.session", "pk": "j8eqa94al7gisig4dep6w2m8uwcbq2z6", "fields": {"session_data": ".eJxVjEEOwiAQRe_C2hAYsYBL9z0DGZhBqgaS0q6MdzckXej2v_f-WwTctxL2zmtYSFwFaHH6HSOmJ9dB6IH13mRqdVuXKIciD9rl3Ihft8P9OyjYy6i1AmW0t4qNZvDekvHZOguT084nMAoyXjRyRn8mipQSE2UwE7KyID5f4Ww4Bw:1o8oq9:-IMYJyePzoRGyD8Wf4EXQlf5hK3TNRe2gORppGTKUpo", "expire_date": "2022-07-19T20:08:09.403Z"}}, {"model": "sessions.session", "pk": "jj6bmdsrz7657wxwgt8ddhctq1xo93rd", "fields": {"session_data": ".eJxVjMsKwjAQRf8lawmTmMSJS_f9hjIzGUxVWuhjJf67DXShcFf3HM7b9LSttd8WnfuhmKvxYE6_J5M8dWykPGi8T1amcZ0Htk2xB11sNxV93Q73L1Bpqa3rIWghwJwDoPAFz8DRQ07MohnJJSfRJ_EUHHpWcYgadkFwXzSfL-fHN0M:1o3HPn:tnUb-97h_fNDyXcwVKbdSG1bSMOdUnljFCBO8nwRm6A", "expire_date": "2022-07-04T13:26:03.408Z"}}, {"model": "sessions.session", "pk": "jjsssivcbo0mqayl1u7deyw9a73mggbr", "fields": {"session_data": ".eJxVjEEOwiAQRe_C2hARGMCl-56BDMxUqgaS0q6Md7dNutDte-__t4i4LiWunec4kbiKixKnX5gwP7nuhh5Y703mVpd5SnJP5GG7HBrx63a0fwcFe9nWSM5CJiZmlyEnq0gZIA2g2RnrIQVPoxmtTcnh2aEJZBjYh41YTeLzBS49OLY:1n3yP9:CzMb33E63-ROhs_q55ESn0oei8WmX03moGqM1TI1KZI", "expire_date": "2022-01-16T10:47:59.568Z"}}, {"model": "sessions.session", "pk": "k54rcbftugx01s3epracq7vff0rqx8e7", "fields": {"session_data": ".eJxVjMEOwiAQBf-FsyHAFsp69N5vIMCCVA0kpT0Z_92Q9KDXNzPvzZw_9uKOnja3ErsyyS6_W_DxmeoA9PD13nhsdd_WwIfCT9r50ii9bqf7d1B8L6MWWiFqzDD7TBgxJQjWAgYrQZGA2ZoMZKI0Rns1STPpSCahQGlJR_b5AtE3Nzc:1o4jjH:GV1aVSLe1bVkEo9C6O1R-oqebxuUMtJ03BQyOkVIT4M", "expire_date": "2022-07-08T13:52:11.102Z"}}, {"model": "sessions.session", "pk": "ksur27ogty2jtcx43tf3ub5tn0n7cc7x", "fields": {"session_data": ".eJxVjEEOwiAQRe_C2hARGMCl-56BDMxUqgaS0q6Md7dNutDte-__t4i4LiWunec4kbiKixKnX5gwP7nuhh5Y703mVpd5SnJP5GG7HBrx63a0fwcFe9nWSM5CJiZmlyEnq0gZIA2g2RnrIQVPoxmtTcnh2aEJZBjYh41YTeLzBS49OLY:1n5aO2:hyHymyNJGQC-fyJ4JnrHA-Gct1b3INBJyWvKduSVn6U", "expire_date": "2022-01-20T21:33:30.382Z"}}, {"model": "sessions.session", "pk": "l4wnnmue7vpwbfwdis2pinccbs4v96nt", "fields": {"session_data": ".eJxVjEEOwiAQRe_C2hARGMCl-56BDMxUqgaS0q6Md7dNutDte-__t4i4LiWunec4kbiKixKnX5gwP7nuhh5Y703mVpd5SnJP5GG7HBrx63a0fwcFe9nWSM5CJiZmlyEnq0gZIA2g2RnrIQVPoxmtTcnh2aEJZBjYh41YTeLzBS49OLY:1nFvz4:B12a0qmvVFaJEtjfXh8c5B2uRQqQfHxMYY4evjJEtDo", "expire_date": "2022-02-18T10:38:30.015Z"}}, {"model": "sessions.session", "pk": "laqkkajc7u88k9zrxxe3yqb9mjnce874", "fields": {"session_data": ".eJxVjDsOwjAQBe_iGlnOrj8bSnrOYPmzwQFkS3FSIe4OkVJA-2bmvYQP21r81nnxcxZnAShOv2MM6cF1J_ke6q3J1Oq6zFHuijxol9eW-Xk53L-DEnr51s6isXrUDjWAAQZyjJCsIo4To7bOmEQ4TJjDqDRkIIxMlAeliQHE-wPFejaV:1nRYoW:ueKsUOsrZfDFd0fF6c2klLtakQ7XmRWHjVgiKhw770M", "expire_date": "2022-03-22T12:19:40.952Z"}}, {"model": "sessions.session", "pk": "lpd9wjl8b1u68458msgnho6w3xghq7ep", "fields": {"session_data": ".eJxVjDsOwjAQBe_iGln-7tqU9JzB8meDA8iW4qRC3B0ipYD2zcx7sRC3tYZt0BLmws5MstPvlmJ-UNtBucd26zz3ti5z4rvCDzr4tRd6Xg7376DGUb-1AmcMoRIaLJLA6DSkTEJMODmUoCmDIfBFWRu1lVB81hoVCu-JkmXvD7NWNss:1n5AEw:QBAm5qEStp6mT88EcXXYsyfsGCDOrKbo0OMVwzIipSY", "expire_date": "2022-01-19T17:38:22.512Z"}}, {"model": "sessions.session", "pk": "m42mihsngz5j3hcbfv7600kecxm2oxny", "fields": {"session_data": "e30:1mwrBT:Q3CTYb_Q34v_8BM4YCoIJ5Mdbo4EOAPLbZpBy1Uueas", "expire_date": "2021-12-27T19:40:27.923Z"}}, {"model": "sessions.session", "pk": "m8w4oizaytymudh259lwiuxz4yu9y4rg", "fields": {"session_data": ".eJxVjDsOwjAQBe_iGln-7tqU9JzB8meDA8iW4qRC3B0ipYD2zcx7sRC3tYZt0BLmws5MstPvlmJ-UNtBucd26zz3ti5z4rvCDzr4tRd6Xg7376DGUb-1AmcMoRIaLJLA6DSkTEJMODmUoCmDIfBFWRu1lVB81hoVCu-JkmXvD7NWNss:1nKfAT:8tO3V9gcpi0tWVFlV3OmiBDpRuAWy68W-SSIj_F8SyI", "expire_date": "2022-03-03T11:41:49.890Z"}}, {"model": "sessions.session", "pk": "m9copac2mk8todphv92kqcruv38dsskq", "fields": {"session_data": ".eJxVjMEOwiAQBf-FsyHAFsp69N5vIMCCVA0kpT0Z_92Q9KDXNzPvzZw_9uKOnja3ErsyyS6_W_DxmeoA9PD13nhsdd_WwIfCT9r50ii9bqf7d1B8L6MWWiFqzDD7TBgxJQjWAgYrQZGA2ZoMZKI0Rns1STPpSCahQGlJR_b5AtE3Nzc:1nZUDV:XnYfhtHkkn-PHPdYm7d2OuqsvFxn87J2musSmbPzoeM", "expire_date": "2022-04-13T09:02:13.254Z"}}, {"model": "sessions.session", "pk": "m9reirvaf5jz3f5r80c01dc202fzde81", "fields": {"session_data": ".eJxVjDsKwzAQBe-iOghpLcu7KdP7DGa1ErYTI4M_VcjdI4GLBF41b5i3Gvg8puHc0zbMUd0VGHX7hYHllXJ94pPzuGpZ87HNQVdFX--u-zWm5XG5f4GJ96l2wbgU2SCRMyihw8aEFgz5ECQRsvVWWvAC7CxCSGIRkyuCYFlbogsfJWRJm8425KiiPBbUgSZCZ8Grzxe9Nz-4:1nxR9y:5kh-k3FiNvJ921xtBbPDCPlumS2_-mOViZYYrK0iooI", "expire_date": "2022-06-18T10:37:34.421Z"}}, {"model": "sessions.session", "pk": "mnop0sv4p2fnyo4o7yy5a8g61gknp53v", "fields": {"session_data": ".eJxVjMEOwiAQBf-FsyHAFsp69N5vIMCCVA0kpT0Z_92Q9KDXNzPvzZw_9uKOnja3ErsyyS6_W_DxmeoA9PD13nhsdd_WwIfCT9r50ii9bqf7d1B8L6MWWiFqzDD7TBgxJQjWAgYrQZGA2ZoMZKI0Rns1STPpSCahQGlJR_b5AtE3Nzc:1nvOhQ:I--nV5oSiKffmugHgGezB6dcaPyhNovc-JZ2xtAOujI", "expire_date": "2022-06-12T19:35:40.018Z"}}, {"model": "sessions.session", "pk": "mrkstlnww4nxymialp3b1tvu93uigwjl", "fields": {"session_data": ".eJxVjDsKwzAQBe-iOghpLcu7KdP7DGa1ErYTI4M_VcjdI4GLBF41b5i3Gvg8puHc0zbMUd0VGHX7hYHllXJ94pPzuGpZ87HNQVdFX--u-zWm5XG5f4GJ96l2wbgU2SCRMyihw8aEFgz5ECQRsvVWWvAC7CxCSGIRkyuCYFlbogsfJWRJm8425KiiPBbUgSZCZ8Grzxe9Nz-4:1oBKkP:aqv_1C8OSM5o0ieWpOTgo0NqB0tsiLHqp8_MPMRWFT0", "expire_date": "2022-07-26T18:36:37.197Z"}}, {"model": "sessions.session", "pk": "n0znpjswh6s2tf3sw945n2jzp4rr8zh6", "fields": {"session_data": ".eJxVjDsOwjAQBe_iGln-7tqU9JzB8meDA8iW4qRC3B0ipYD2zcx7sRC3tYZt0BLmws5MstPvlmJ-UNtBucd26zz3ti5z4rvCDzr4tRd6Xg7376DGUb-1AmcMoRIaLJLA6DSkTEJMODmUoCmDIfBFWRu1lVB81hoVCu-JkmXvD7NWNss:1nRYpq:Y4zKjNig62QI93MS0YlFslsHfInnywcdj4hX2f0ubEs", "expire_date": "2022-03-22T12:21:02.032Z"}}, {"model": "sessions.session", "pk": "n1v3fqzjbh3a8fw5ubxvm4dvjszg0sbc", "fields": {"session_data": ".eJxVjMsOwiAQRf-FtSHDowN16d5vIAMDUjU0Ke3K-O_apAvd3nPOfYlA21rD1vMSJhZnoUCcfsdI6ZHbTvhO7TbLNLd1maLcFXnQLq8z5-flcP8OKvX6rYkgs0ITLUIpDkfHA3jrB1QeLSC5jAUs2BKVHiMbbbT2yAY5RctOvD_qjTdC:1mwVAw:D8Ok6XLxhpWgxodAYGfEmF-uUJ8eZ-hJbi7lfnDOHyk", "expire_date": "2021-12-26T20:10:26.108Z"}}, {"model": "sessions.session", "pk": "o76kr6i6qsax339thtn1zqx4h4niwon2", "fields": {"session_data": ".eJxVjMEOwiAQBf-FsyHAFsp69N5vIMCCVA0kpT0Z_92Q9KDXNzPvzZw_9uKOnja3ErsyyS6_W_DxmeoA9PD13nhsdd_WwIfCT9r50ii9bqf7d1B8L6MWWiFqzDD7TBgxJQjWAgYrQZGA2ZoMZKI0Rns1STPpSCahQGlJR_b5AtE3Nzc:1ncnWX:Y27KSDonvxvT5xJ-YyuuuEIt5BgsUz-aAtKcgAQs7Og", "expire_date": "2022-04-22T12:15:33.359Z"}}, {"model": "sessions.session", "pk": "ofix4bmbyf6kclsruv15ihh7w0gn4m4u", "fields": {"session_data": ".eJxVjEEOwiAQRe_C2pAygDgu3XsGMjCDVA1NSrsy3l2bdKHb_977LxVpXWpcu8xxZHVWENThd0yUH9I2wndqt0nnqS3zmPSm6J12fZ1Ynpfd_Tuo1Ou3DpizCWgBmJMHH8QKW3cyxhZHxjsuySAywRHZAuMQREDAZYOpDFm9P_6QOAs:1nvOhe:1PnC3VRvOS3EPc72ISpUU-QPXS44SgUQy0eyJRu_4m0", "expire_date": "2022-06-12T19:35:54.690Z"}}, {"model": "sessions.session", "pk": "opyyxu2z7b89y099cgvzyozl8gw8pike", "fields": {"session_data": ".eJxVjEEOwiAQRe_C2hARGMCl-56BDMxUqgaS0q6Md7dNutDte-__t4i4LiWunec4kbiKixKnX5gwP7nuhh5Y703mVpd5SnJP5GG7HBrx63a0fwcFe9nWSM5CJiZmlyEnq0gZIA2g2RnrIQVPoxmtTcnh2aEJZBjYh41YTeLzBS49OLY:1n3xRP:Na8vfYZQ-wrq2vlR4NdtbfyD2Mr91WyN1eG3P3BQsnk", "expire_date": "2022-01-16T09:46:15.434Z"}}, {"model": "sessions.session", "pk": "otoepamy81a1rpgacjvoj79zjkksm6wz", "fields": {"session_data": ".eJxVjMEOwiAQBf-FsyHAFsp69N5vIMCCVA0kpT0Z_92Q9KDXNzPvzZw_9uKOnja3ErsyyS6_W_DxmeoA9PD13nhsdd_WwIfCT9r50ii9bqf7d1B8L6MWWiFqzDD7TBgxJQjWAgYrQZGA2ZoMZKI0Rns1STPpSCahQGlJR_b5AtE3Nzc:1o3H8Z:kcD5wJpREv0pCewDhKsikckKvKe9vGj1filoPlcs8d4", "expire_date": "2022-07-04T13:08:15.762Z"}}, {"model": "sessions.session", "pk": "ov3zrrsqck0bb55ldz9p6m1te7ymoc49", "fields": {"session_data": ".eJxVjEEOgjAQRe_StWno0Fbq0j1nIDPTGUFNSSisjHdXEha6_e-9_zIDbus4bFWWYcrmYiCa0-9IyA8pO8l3LLfZ8lzWZSK7K_ag1fZzluf1cP8ORqzjt25bSOiS8yDCATBoVO9ZG5ZzBMVMoI66oB0oI4E0TDFqCsGl1iU07w8YEjiV:1nXeh9:ixA5YHdh1NXXLaujuiNCyginu1G7misOxOKD2zZyTxU", "expire_date": "2022-04-08T07:49:15.747Z"}}, {"model": "sessions.session", "pk": "ppanqustmkubhfx2fifssr7uqu120y1f", "fields": {"session_data": ".eJxVjEEOwiAQAP_C2RBgC2U9evcNZGGpVA0kpT0Z_25qetDrzGReItC2lrD1vISZxVkYJU6_MFJ65LobvlO9NZlaXZc5yj2Rh-3y2jg_L0f7NyjUy_ebkzeRLDt0nGEC9GS8nnCwFnikFNXoSCk2JuYhEUdEBKu1BtAGxfsDCNE3mQ:1nNgSX:Mdovb6WGy441gmB6k0rHnnfx_ZBcKVhijZ5cN4OQL8Q", "expire_date": "2022-03-11T19:40:57.783Z"}}, {"model": "sessions.session", "pk": "q7xkpab9uulvbby33p5pmzahlczdgpc4", "fields": {"session_data": ".eJxVjEEOwiAQRe_C2hARGMCl-56BDMxUqgaS0q6Md7dNutDte-__t4i4LiWunec4kbiKixKnX5gwP7nuhh5Y703mVpd5SnJP5GG7HBrx63a0fwcFe9nWSM5CJiZmlyEnq0gZIA2g2RnrIQVPoxmtTcnh2aEJZBjYh41YTeLzBS49OLY:1nEsOJ:H96dGDYSO50lSFpptKH9v0NDVv3izZwyJngNqL-ejOw", "expire_date": "2022-02-15T12:36:11.922Z"}}, {"model": "sessions.session", "pk": "qa30hcezp9iei9rwnao5ncasb6owp3fl", "fields": {"session_data": ".eJxVjEEOwiAQRe_C2hARGMCl-56BDMxUqgaS0q6Md7dNutDte-__t4i4LiWunec4kbiKixKnX5gwP7nuhh5Y703mVpd5SnJP5GG7HBrx63a0fwcFe9nWSM5CJiZmlyEnq0gZIA2g2RnrIQVPoxmtTcnh2aEJZBjYh41YTeLzBS49OLY:1nInQI:YKDzAM8X3RULr2OyNV4thERf0K1PkSLVKRxkTPzKUgs", "expire_date": "2022-02-26T08:06:26.652Z"}}, {"model": "sessions.session", "pk": "qe5tvqi6j9ea9839cev3a3pxzlgx04ww", "fields": {"session_data": ".eJxVjMEOwiAQBf-FsyHAFsp69N5vIMCCVA0kpT0Z_92Q9KDXNzPvzZw_9uKOnja3ErsyyS6_W_DxmeoA9PD13nhsdd_WwIfCT9r50ii9bqf7d1B8L6MWWiFqzDD7TBgxJQjWAgYrQZGA2ZoMZKI0Rns1STPpSCahQGlJR_b5AtE3Nzc:1nzORn:HYSIw83OOeg-Evzj7EBMnIR0uTBivnROY5TblRLv3zM", "expire_date": "2022-06-23T20:08:03.811Z"}}, {"model": "sessions.session", "pk": "qoimtka1p1jfpf4szlqqsvzlbntdhrsk", "fields": {"session_data": ".eJxVjMEOwiAQBf-FsyHAFsp69N5vIMCCVA0kpT0Z_92Q9KDXNzPvzZw_9uKOnja3ErsyyS6_W_DxmeoA9PD13nhsdd_WwIfCT9r50ii9bqf7d1B8L6MWWiFqzDD7TBgxJQjWAgYrQZGA2ZoMZKI0Rns1STPpSCahQGlJR_b5AtE3Nzc:1ncRGx:UBnj9tlUDXSMPC0g_5fPOrcuYPi-v1x08Dv4UKohArk", "expire_date": "2022-04-21T12:29:59.768Z"}}, {"model": "sessions.session", "pk": "quu11jsrc76d6towjgzwczf35tb87atv", "fields": {"session_data": ".eJxVjMEOwiAQBf-FsyHAFsp69N5vIMCCVA0kpT0Z_92Q9KDXNzPvzZw_9uKOnja3ErsyyS6_W_DxmeoA9PD13nhsdd_WwIfCT9r50ii9bqf7d1B8L6MWWiFqzDD7TBgxJQjWAgYrQZGA2ZoMZKI0Rns1STPpSCahQGlJR_b5AtE3Nzc:1o8ob8:Ze85b8eXhXIG11H5XmDX2OiW57m8Pvshdv3DoZR8d4c", "expire_date": "2022-07-19T19:52:38.533Z"}}, {"model": "sessions.session", "pk": "ri81av325uy40nnqp5amj6xa4j1g21oc", "fields": {"session_data": ".eJxVjMsOwiAQRf-FtSHDowN16d5vIAMDUjU0Ke3K-O_apAvd3nPOfYlA21rD1vMSJhZnoUCcfsdI6ZHbTvhO7TbLNLd1maLcFXnQLq8z5-flcP8OKvX6rYkgs0ITLUIpDkfHA3jrB1QeLSC5jAUs2BKVHiMbbbT2yAY5RctOvD_qjTdC:1muuek:vEzDBePQiE8su0O0BJEa0-JoYJgnxR8OanujHSNnckU", "expire_date": "2021-12-22T10:58:38.076Z"}}, {"model": "sessions.session", "pk": "rnqrlskc8fmbjbzx32vf78i8dvix64lz", "fields": {"session_data": ".eJxVjDsOwjAQBe_iGln-7tqU9JzB8meDA8iW4qRC3B0ipYD2zcx7sRC3tYZt0BLmws5MstPvlmJ-UNtBucd26zz3ti5z4rvCDzr4tRd6Xg7376DGUb-1AmcMoRIaLJLA6DSkTEJMODmUoCmDIfBFWRu1lVB81hoVCu-JkmXvD7NWNss:1n4Ryq:cbzwhrmOqMSJkVUC7nrUl5kH-XjFAzUls5j8UBKNhzE", "expire_date": "2022-01-17T18:22:48.736Z"}}, {"model": "sessions.session", "pk": "s5e6ty913e9cb4a25k5e8glzog1iv5vd", "fields": {"session_data": ".eJxVjDsOwjAQBe_iGln-7tqU9JzB8meDA8iW4qRC3B0ipYD2zcx7sRC3tYZt0BLmws5MstPvlmJ-UNtBucd26zz3ti5z4rvCDzr4tRd6Xg7376DGUb-1AmcMoRIaLJLA6DSkTEJMODmUoCmDIfBFWRu1lVB81hoVCu-JkmXvD7NWNss:1nNgM5:1K6-mfYPEdA4E16xcQc1dqPT_-jirhLC6xaH6lIBdaA", "expire_date": "2022-03-11T19:34:17.319Z"}}, {"model": "sessions.session", "pk": "s6pqqqvdkbxopr443czpxemtky45dia1", "fields": {"session_data": ".eJxVjMEOwiAQBf-FsyHAFsp69N5vIMCCVA0kpT0Z_92Q9KDXNzPvzZw_9uKOnja3ErsyyS6_W_DxmeoA9PD13nhsdd_WwIfCT9r50ii9bqf7d1B8L6MWWiFqzDD7TBgxJQjWAgYrQZGA2ZoMZKI0Rns1STPpSCahQGlJR_b5AtE3Nzc:1o1sQS:6pTF8wVRjhUFeslXxoekD3p0ICu5FU0cxDCR8k0slfg", "expire_date": "2022-06-30T16:32:56.554Z"}}, {"model": "sessions.session", "pk": "six68pbh3i8hmp1cg8oyg8f51f46hxnk", "fields": {"session_data": ".eJxVjMEOwiAQBf-FsyHAFsp69N5vIMCCVA0kpT0Z_92Q9KDXNzPvzZw_9uKOnja3ErsyyS6_W_DxmeoA9PD13nhsdd_WwIfCT9r50ii9bqf7d1B8L6MWWiFqzDD7TBgxJQjWAgYrQZGA2ZoMZKI0Rns1STPpSCahQGlJR_b5AtE3Nzc:1oEojt:Ps-UWQTah3W8DKNCmkGl112KfY8ryx-r4Dg4HnMG9vQ", "expire_date": "2022-08-05T09:14:29.965Z"}}, {"model": "sessions.session", "pk": "skbel55435j5a1z7109gw4up8zojrhkt", "fields": {"session_data": ".eJxVjEEOwiAQRe_C2hARGMCl-56BDMxUqgaS0q6Md7dNutDte-__t4i4LiWunec4kbiKixKnX5gwP7nuhh5Y703mVpd5SnJP5GG7HBrx63a0fwcFe9nWSM5CJiZmlyEnq0gZIA2g2RnrIQVPoxmtTcnh2aEJZBjYh41YTeLzBS49OLY:1nAd4q:NIn2J934Zpe8mWnKSE4WcPOKPofsdR05JK4dqJjzvx8", "expire_date": "2022-02-03T19:26:32.735Z"}}, {"model": "sessions.session", "pk": "smpxfrimr87vua5b5ji3t2mvdnqdj1s4", "fields": {"session_data": ".eJxVjDsOwjAQBe_iGln-7tqU9JzB8meDA8iW4qRC3B0ipYD2zcx7sRC3tYZt0BLmws5MstPvlmJ-UNtBucd26zz3ti5z4rvCDzr4tRd6Xg7376DGUb-1AmcMoRIaLJLA6DSkTEJMODmUoCmDIfBFWRu1lVB81hoVCu-JkmXvD7NWNss:1nXeTK:3IWqhKqMAhUoZCocd5-0kpD0fzOqpWVO21CbTubaERc", "expire_date": "2022-04-08T07:34:58.867Z"}}, {"model": "sessions.session", "pk": "smyx0eh0jgd29mw04xcqtbpazwmnketr", "fields": {"session_data": ".eJxVjEEOwiAQRe_C2hARGMCl-56BDMxUqgaS0q6Md7dNutDte-__t4i4LiWunec4kbiKixKnX5gwP7nuhh5Y703mVpd5SnJP5GG7HBrx63a0fwcFe9nWSM5CJiZmlyEnq0gZIA2g2RnrIQVPoxmtTcnh2aEJZBjYh41YTeLzBS49OLY:1n3yQQ:6mWEByJpRXWSCkBlVQDcWlF_nSDX1nR9-wxpC6ZiMBE", "expire_date": "2022-01-16T10:49:18.762Z"}}, {"model": "sessions.session", "pk": "sq5hdk1kxsd5gaexcpfv6bg4g7e4cqwr", "fields": {"session_data": ".eJxVjMEOwiAQBf-FsyHAFsp69N5vIMCCVA0kpT0Z_92Q9KDXNzPvzZw_9uKOnja3ErsyyS6_W_DxmeoA9PD13nhsdd_WwIfCT9r50ii9bqf7d1B8L6MWWiFqzDD7TBgxJQjWAgYrQZGA2ZoMZKI0Rns1STPpSCahQGlJR_b5AtE3Nzc:1o3bpn:3i5Wd1svWtLuJKDthwxBoz6mgEUzyJOx601r23F5lHY", "expire_date": "2022-07-05T11:14:15.509Z"}}, {"model": "sessions.session", "pk": "tcgb9dj6tdm7ff0a3fhhwp8bpps69o3a", "fields": {"session_data": "eyJsYXQiOiIxOS4wNzEzOTQ5IiwibG5nIjoiNzIuOTk4NDEyNiJ9:1oBLN5:DBhsoSwBAOoKE2Fl9fvJHeAND3WSRMW6-uxWWWDxwEw", "expire_date": "2022-07-26T19:16:35.797Z"}}, {"model": "sessions.session", "pk": "u3he3vs0lzndc79iqa63w4qbwtql5144", "fields": {"session_data": ".eJxVjDsOwjAQBe_iGln-7tqU9JzB8meDA8iW4qRC3B0ipYD2zcx7sRC3tYZt0BLmws5MstPvlmJ-UNtBucd26zz3ti5z4rvCDzr4tRd6Xg7376DGUb-1AmcMoRIaLJLA6DSkTEJMODmUoCmDIfBFWRu1lVB81hoVCu-JkmXvD7NWNss:1n3avZ:EWHoXwf28lnTjeXEJl-sP2dXwvfzgaXd_0Tah18czlI", "expire_date": "2022-01-15T09:43:53.426Z"}}, {"model": "sessions.session", "pk": "u3nk73vigf5fiva7zn2kilubr8b0oqh6", "fields": {"session_data": ".eJxVjMsKwjAQRf8lawmTmMSJS_f9hjIzGUxVWuhjJf67DXShcFf3HM7b9LSttd8WnfuhmKvxYE6_J5M8dWykPGi8T1amcZ0Htk2xB11sNxV93Q73L1Bpqa3rIWghwJwDoPAFz8DRQ07MohnJJSfRJ_EUHHpWcYgadkFwXzSfL-fHN0M:1nw86G:LYkJEobmd262zQpYaMj0F9xXy5mx8RsT4MduU8IRDEU", "expire_date": "2022-06-14T20:04:20.936Z"}}, {"model": "sessions.session", "pk": "u5985gys489kq0y3q7jnn1p1tvvwaqjg", "fields": {"session_data": ".eJxVjEEOwiAQRe_C2hAYsYBL9z0DGZhBqgaS0q6MdzckXej2v_f-WwTctxL2zmtYSFwFaHH6HSOmJ9dB6IH13mRqdVuXKIciD9rl3Ihft8P9OyjYy6i1AmW0t4qNZvDekvHZOguT084nMAoyXjRyRn8mipQSE2UwE7KyID5f4Ww4Bw:1o8OGW:xfhisAFnDf976fRU016aiWR8u6_Ggr7TXpWKUw-s7X8", "expire_date": "2022-07-18T15:45:36.610Z"}}, {"model": "sessions.session", "pk": "ui0b6d1ipb9u5lelfj34bntf45rr76i2", "fields": {"session_data": ".eJxVjEEOwiAQRe_C2hARGMCl-56BDMxUqgaS0q6Md7dNutDte-__t4i4LiWunec4kbiKixKnX5gwP7nuhh5Y703mVpd5SnJP5GG7HBrx63a0fwcFe9nWSM5CJiZmlyEnq0gZIA2g2RnrIQVPoxmtTcnh2aEJZBjYh41YTeLzBS49OLY:1n4IQg:1U66TSUQ78pWHckf8FyysXIsXlBM3-UJjsTn1fsjS44", "expire_date": "2022-01-17T08:10:54.199Z"}}, {"model": "sessions.session", "pk": "unes1cbkbl7053mzew9pb0dpo8iwerk0", "fields": {"session_data": ".eJxVjMsKwjAQRf8lawmTmMSJS_f9hjIzGUxVWuhjJf67DXShcFf3HM7b9LSttd8WnfuhmKvxYE6_J5M8dWykPGi8T1amcZ0Htk2xB11sNxV93Q73L1Bpqa3rIWghwJwDoPAFz8DRQ07MohnJJSfRJ_EUHHpWcYgadkFwXzSfL-fHN0M:1oEsax:N5Hhq7RInFLdKUW7ZNcJi4wejzDtVGQJbd04IFk5hlM", "expire_date": "2022-08-05T13:21:31.707Z"}}, {"model": "sessions.session", "pk": "uzyf093s434zpjrx24iuaafouzpwlglg", "fields": {"session_data": ".eJxVjMsKwjAQRf8lawmTmMSJS_f9hjIzGUxVWuhjJf67DXShcFf3HM7b9LSttd8WnfuhmKvxYE6_J5M8dWykPGi8T1amcZ0Htk2xB11sNxV93Q73L1Bpqa3rIWghwJwDoPAFz8DRQ07MohnJJSfRJ_EUHHpWcYgadkFwXzSfL-fHN0M:1nzNO6:MOyo34XU69CZh0MIKlH0lLgy1-CheSEDvC1j65VAKuI", "expire_date": "2022-06-23T19:00:10.098Z"}}, {"model": "sessions.session", "pk": "vietj13wfrgn2vyu2dsja2zx13780trs", "fields": {"session_data": ".eJxVjMsKwjAQRf8lawmTmMSJS_f9hjIzGUxVWuhjJf67DXShcFf3HM7b9LSttd8WnfuhmKvxYE6_J5M8dWykPGi8T1amcZ0Htk2xB11sNxV93Q73L1Bpqa3rIWghwJwDoPAFz8DRQ07MohnJJSfRJ_EUHHpWcYgadkFwXzSfL-fHN0M:1o3Fp3:4A5v2kgfPNYHMaEEX0OwtrP4f6Q_6bbEe6olSzTom-g", "expire_date": "2022-07-04T11:44:01.418Z"}}, {"model": "sessions.session", "pk": "wq9f6144gucg2nf41wxdmcnqug71k7ha", "fields": {"session_data": ".eJxVjEEOwiAQRe_C2hARGMCl-56BDMxUqgaS0q6Md7dNutDte-__t4i4LiWunec4kbiKixKnX5gwP7nuhh5Y703mVpd5SnJP5GG7HBrx63a0fwcFe9nWSM5CJiZmlyEnq0gZIA2g2RnrIQVPoxmtTcnh2aEJZBjYh41YTeLzBS49OLY:1n7bhI:8v3N3IG0uppnAqtzjjknrGLKF87eB-Ndod0b-8AP4j4", "expire_date": "2022-01-26T11:21:44.061Z"}}, {"model": "sessions.session", "pk": "wyajm6i3jaajtz32pbieuz66l6cnz2pg", "fields": {"session_data": ".eJxVjEEOwiAQRe_C2hAYsYBL9z0DGZhBqgaS0q6MdzckXej2v_f-WwTctxL2zmtYSFwFaHH6HSOmJ9dB6IH13mRqdVuXKIciD9rl3Ihft8P9OyjYy6i1AmW0t4qNZvDekvHZOguT084nMAoyXjRyRn8mipQSE2UwE7KyID5f4Ww4Bw:1nuXHg:Uh6qwxyg1HoQO1fVyny2fNpaPcdeNYANLJUii0aqUX8", "expire_date": "2022-06-10T10:33:32.867Z"}}, {"model": "sessions.session", "pk": "x19zosuz1s6unkcveo69bzpt8qcebfcs", "fields": {"session_data": ".eJxVjEEOwiAQRe_C2hAYsYBL9z0DGZhBqgaS0q6MdzckXej2v_f-WwTctxL2zmtYSFwFaHH6HSOmJ9dB6IH13mRqdVuXKIciD9rl3Ihft8P9OyjYy6i1AmW0t4qNZvDekvHZOguT084nMAoyXjRyRn8mipQSE2UwE7KyID5f4Ww4Bw:1nvP1b:mY7cQTL9a8LbsnZcdroWlcAzw1TgVJLUi33zs9tURvg", "expire_date": "2022-06-12T19:56:31.312Z"}}, {"model": "sessions.session", "pk": "x2pe3qumr65i7km48hvj53g9tbk9fv3z", "fields": {"session_data": ".eJxVjDsOwjAQBe_iGln-7tqU9JzB8meDA8iW4qRC3B0ipYD2zcx7sRC3tYZt0BLmws5MstPvlmJ-UNtBucd26zz3ti5z4rvCDzr4tRd6Xg7376DGUb-1AmcMoRIaLJLA6DSkTEJMODmUoCmDIfBFWRu1lVB81hoVCu-JkmXvD7NWNss:1nXMEl:I5HnwAlQXFFY7Ixb9QXkybaBjPuLw9hQA7xmSTgtwp4", "expire_date": "2022-04-07T12:06:43.009Z"}}, {"model": "sessions.session", "pk": "x6xfx8fh3uz3c8wnw105g21u0g08e2vd", "fields": {"session_data": ".eJxVjEEOwiAQRe_C2hARGMCl-56BDMxUqgaS0q6Md7dNutDte-__t4i4LiWunec4kbiKixKnX5gwP7nuhh5Y703mVpd5SnJP5GG7HBrx63a0fwcFe9nWSM5CJiZmlyEnq0gZIA2g2RnrIQVPoxmtTcnh2aEJZBjYh41YTeLzBS49OLY:1nUvBi:0LYwgHXKxVbsDVEEjpde6QMniEwxAgC_wguK6X0I8nI", "expire_date": "2022-03-31T18:49:30.063Z"}}, {"model": "sessions.session", "pk": "xy5mdo9kl2xysvtw3jcy4we0vt9u8um6", "fields": {"session_data": ".eJxVjEEOwiAQRe_C2hAYsYBL9z0DGZhBqgaS0q6MdzckXej2v_f-WwTctxL2zmtYSFwFaHH6HSOmJ9dB6IH13mRqdVuXKIciD9rl3Ihft8P9OyjYy6i1AmW0t4qNZvDekvHZOguT084nMAoyXjRyRn8mipQSE2UwE7KyID5f4Ww4Bw:1nyvcj:B7Fqo_ORoeajT4MagWk5vVEjjSZeVMNZzt09AFnryMA", "expire_date": "2022-06-22T13:21:25.266Z"}}, {"model": "sessions.session", "pk": "y1ywkc1djvokofogoz0s6ja4yj8l4v15", "fields": {"session_data": "eyJsYXQiOiIxOS4wNzEzOTQ5IiwibG5nIjoiNzIuOTk4NDEyNiJ9:1nrJLa:6q5EN7pbhgwpsJVvEkpQCMToB3i1YDXt7Yxe4VP7Yd4", "expire_date": "2022-06-01T13:04:14.803Z"}}, {"model": "sessions.session", "pk": "y7bf2wzuj9gqeojm53ygbt0nhirebkzj", "fields": {"session_data": ".eJxVjMEOwiAQBf-FsyHAFsp69N5vIMCCVA0kpT0Z_92Q9KDXNzPvzZw_9uKOnja3ErsyyS6_W_DxmeoA9PD13nhsdd_WwIfCT9r50ii9bqf7d1B8L6MWWiFqzDD7TBgxJQjWAgYrQZGA2ZoMZKI0Rns1STPpSCahQGlJR_b5AtE3Nzc:1nuZXs:n5nrMq5_facJi1bEr1PhrAcJMC0IVA34ozR9czLBJwo", "expire_date": "2022-06-10T12:58:24.786Z"}}, {"model": "sessions.session", "pk": "y7orxsm3tf9m5s97t0mk4v1qa2u250zp", "fields": {"session_data": ".eJxVjMEOwiAQBf-FsyHAFsp69N5vIMCCVA0kpT0Z_92Q9KDXNzPvzZw_9uKOnja3ErsyyS6_W_DxmeoA9PD13nhsdd_WwIfCT9r50ii9bqf7d1B8L6MWWiFqzDD7TBgxJQjWAgYrQZGA2ZoMZKI0Rns1STPpSCahQGlJR_b5AtE3Nzc:1nxT1x:dWRhAsCF9EFBEisl5P3HmXivphUmaDCzQClWb-A6JZI", "expire_date": "2022-06-18T12:37:25.789Z"}}, {"model": "sessions.session", "pk": "yg5qq8m87st9l5qycugh5qwpeknyreze", "fields": {"session_data": ".eJxVjEsKwzAMBe_idTG26jhSl933DEGSTZI2OJDPqvTudSCbwFvNDO9rJt7Mw3iyrvV3CmRuZip9RS1YIgweYkUd79vQ7WteujFVCe4KhfWTy2HSm0s_W53Ltoxij8SedrWvOeXpebaXg4HX4fgFF3Jih0TBoUqLdycNOIoimgnZR68NRAUOHkGyesQcaqBY15jfH028P7g:1o06eF:7NW3a6TIU8Ak65UNKcMnSd0YMw17BaJ1rYVe1CZ77j4", "expire_date": "2022-06-25T19:19:51.193Z"}}, {"model": "sessions.session", "pk": "yumd687l6z2l5bsfvgnvmv7soqjppyvi", "fields": {"session_data": ".eJxVjMEOwiAQBf-FsyHAFsp69N5vIMCCVA0kpT0Z_92Q9KDXNzPvzZw_9uKOnja3ErsyyS6_W_DxmeoA9PD13nhsdd_WwIfCT9r50ii9bqf7d1B8L6MWWiFqzDD7TBgxJQjWAgYrQZGA2ZoMZKI0Rns1STPpSCahQGlJR_b5AtE3Nzc:1nazAv:FjIKpSbBqzpqh_74TFJoFGVPWqHnDZ9SZzWuWhJl-Y8", "expire_date": "2022-04-17T12:17:45.776Z"}}, {"model": "sessions.session", "pk": "z194atvrfzozs07c4zw46qkgy15kryhe", "fields": {"session_data": ".eJxVjDsOwjAQBe_iGln-7tqU9JzB8meDA8iW4qRC3B0ipYD2zcx7sRC3tYZt0BLmws5MstPvlmJ-UNtBucd26zz3ti5z4rvCDzr4tRd6Xg7376DGUb-1AmcMoRIaLJLA6DSkTEJMODmUoCmDIfBFWRu1lVB81hoVCu-JkmXvD7NWNss:1nCJGT:bQW_JSEktbDiDsJHPqllEqFH4Wbn4SLV-X0M_m0OCYc", "expire_date": "2022-02-08T10:41:29.344Z"}}, {"model": "sessions.session", "pk": "z5dafygj45nxih2vvtgcwp6ph4h5wxwo", "fields": {"session_data": ".eJxVjMsKwjAQRf8lawmTmMSJS_f9hjIzGUxVWuhjJf67DXShcFf3HM7b9LSttd8WnfuhmKvxYE6_J5M8dWykPGi8T1amcZ0Htk2xB11sNxV93Q73L1Bpqa3rIWghwJwDoPAFz8DRQ07MohnJJSfRJ_EUHHpWcYgadkFwXzSfL-fHN0M:1o8pnu:zB0ieoQli-vqcuSFhklABHA0GnmD5hHori4MfNMP7gk", "expire_date": "2022-07-19T21:09:54.959Z"}}, {"model": "sessions.session", "pk": "zc2dpmyd5mpldgwat0rfo813vw4qyekc", "fields": {"session_data": ".eJxVjDsOwjAQBe_iGln-7tqU9JzB8meDA8iW4qRC3B0ipYD2zcx7sRC3tYZt0BLmws5MstPvlmJ-UNtBucd26zz3ti5z4rvCDzr4tRd6Xg7376DGUb-1AmcMoRIaLJLA6DSkTEJMODmUoCmDIfBFWRu1lVB81hoVCu-JkmXvD7NWNss:1mo7db:CJ8LdrzXZxKY-ttvIgIEmKRx1r9BPbDwzM43iwb-IBg", "expire_date": "2021-12-03T17:25:23.925Z"}}, {"model": "sessions.session", "pk": "zcqvfn1sdj56d1ikqism7k1y0dcv67su", "fields": {"session_data": ".eJxVjEEOwiAQAP_C2RBgC2U9evcNZGGpVA0kpT0Z_25qetDrzGReItC2lrD1vISZxVkYJU6_MFJ65LobvlO9NZlaXZc5yj2Rh-3y2jg_L0f7NyjUy_ebkzeRLDt0nGEC9GS8nnCwFnikFNXoSCk2JuYhEUdEBKu1BtAGxfsDCNE3mQ:1nOleZ:mNGesRVyT0W2MqVtJi_A8kwGrsvah2fsoBAddhQOUas", "expire_date": "2022-03-14T19:25:51.724Z"}}, {"model": "sessions.session", "pk": "zdz7y1v7ekfysfgucg94vdmi2hx11k9t", "fields": {"session_data": ".eJxVjEEOwiAQAP_C2ZAta6F69O4byMIuUjWQlPZk_LuS9KDXmcm8lKdtzX5rsviZ1VkZVIdfGCg-pHTDdyq3qmMt6zIH3RO926avleV52du_QaaW-9dwMkcQjozsZMTgIA1JTmAsUiSArw8GyU3WorBYY8cJnSQgcTSo9wcdEDiD:1o8qT9:9bs8t4x4dqmhyYV2OyFOwpZxaJgSP-1nonUKFqqUtXA", "expire_date": "2022-07-19T21:52:31.044Z"}}, {"model": "sessions.session", "pk": "zhpdy9gbc2ohn2z1wemvem2w0i06m7r4", "fields": {"session_data": ".eJxVjDsOwjAQBe_iGln-7tqU9JzB8meDA8iW4qRC3B0ipYD2zcx7sRC3tYZt0BLmws5MstPvlmJ-UNtBucd26zz3ti5z4rvCDzr4tRd6Xg7376DGUb-1AmcMoRIaLJLA6DSkTEJMODmUoCmDIfBFWRu1lVB81hoVCu-JkmXvD7NWNss:1nImfv:TqsgXDS6JxslDJqrP0JXtEUolAXmObG4JUFCaueVV9U", "expire_date": "2022-02-26T07:18:31.973Z"}}, {"model": "sessions.session", "pk": "zpyna5si8t2o3td99gm6r6g57rl4epzm", "fields": {"session_data": ".eJxVjEEOwiAQRe_C2hARGMCl-56BDMxUqgaS0q6Md7dNutDte-__t4i4LiWunec4kbiKixKnX5gwP7nuhh5Y703mVpd5SnJP5GG7HBrx63a0fwcFe9nWSM5CJiZmlyEnq0gZIA2g2RnrIQVPoxmtTcnh2aEJZBjYh41YTeLzBS49OLY:1n5Ye1:_q_y0rjAFH2wIzWk5taY6vzRjnf14Apr5j95G9RY0jw", "expire_date": "2022-01-20T19:41:53.323Z"}}, {"model": "accounts.user", "pk": 1, "fields": {"password": "pbkdf2_sha256$320000$1LRLfyrhSeHt5g924c1fGm$B9BIOq6YA4H5uShSY3EoImNB/anMq3MeEmC7ip53Asg=", "first_name": "Rathan", "last_name": "Kumar", "username": "djangoadmin", "email": "developer.rathan@gmail.com", "phone_number": "1223566", "role": null, "date_joined": "2021-11-19T17:22:18.372Z", "last_login": "2022-07-22T13:16:44.100Z", "created_date": "2021-11-19T17:22:18.372Z", "modified_date": "2021-11-25T15:35:23.564Z", "is_admin": true, "is_staff": true, "is_active": true, "is_superadmin": true}}, {"model": "accounts.user", "pk": 20, "fields": {"password": "pbkdf2_sha256$320000$Qz8GwOtunSUcjTSx7uNLs3$M4Lgt9+gnGAcyPD3/gRUNEOYynCx8+3lagGQC5oDiMw=", "first_name": "Rathan", "last_name": "Kumar", "username": "customer.foodonline", "email": "customer.foodonline@gmail.com", "phone_number": "1234567898", "role": 2, "date_joined": "2021-12-25T10:37:37.922Z", "last_login": "2022-07-22T13:21:31.637Z", "created_date": "2021-12-25T10:37:37.922Z", "modified_date": "2022-06-09T20:24:26.536Z", "is_admin": false, "is_staff": false, "is_active": true, "is_superadmin": false}}, {"model": "accounts.user", "pk": 21, "fields": {"password": "pbkdf2_sha256$320000$SM5OyFVWOxwzpeZPZ1ASuq$Y8cc8aOfx7O8A6qeqSn2zOLBGhKPzDusmUZ8jM5l4Rg=", "first_name": "Vendor", "last_name": "FoodOnline", "username": "vendor.foodonline", "email": "vendor.foodonline@gmail.com", "phone_number": "", "role": 1, "date_joined": "2021-12-25T11:10:50.040Z", "last_login": "2022-07-22T13:19:06.511Z", "created_date": "2021-12-25T11:10:50.040Z", "modified_date": "2021-12-25T11:12:06.390Z", "is_admin": false, "is_staff": false, "is_active": true, "is_superadmin": false}}, {"model": "accounts.user", "pk": 23, "fields": {"password": "pbkdf2_sha256$320000$CrS0dyOEo2dpVUp2ssM1Im$TpVUZRluJyoCF+F+Y/8wpVSOpMkGMjjGHwo5JoeZzuU=", "first_name": "Second", "last_name": "Restaurant", "username": "rathankumar492", "email": "rathan.kumar492@gmail.com", "phone_number": "", "role": 1, "date_joined": "2022-02-12T07:21:29.818Z", "last_login": "2022-07-05T21:52:31.026Z", "created_date": "2022-02-12T07:21:29.819Z", "modified_date": "2022-02-12T07:23:10.372Z", "is_admin": false, "is_staff": false, "is_active": true, "is_superadmin": false}}, {"model": "accounts.user", "pk": 26, "fields": {"password": "pbkdf2_sha256$260000$AgnYJtdENcQVJo8xIzVr2l$vXmesIsqZtGsRYgdPAHoryf3BTf4LsUQKavqJoHvxDY=", "first_name": "Third", "last_name": "Restaurant", "username": "thirdrestaurant", "email": "thirdrestaurant-foodonline@gmail.com", "phone_number": "1234567898", "role": 1, "date_joined": "2022-03-25T07:47:15.544Z", "last_login": "2022-03-29T18:33:00.504Z", "created_date": "2022-03-25T07:47:15.544Z", "modified_date": "2022-03-25T07:47:52.057Z", "is_admin": false, "is_staff": false, "is_active": true, "is_superadmin": false}}, {"model": "accounts.user", "pk": 27, "fields": {"password": "pbkdf2_sha256$320000$4DpkL34bBCyWOKf7Qyr6yt$ILz4iFM3B0QJqH3jIWohdXMHEqbuO5gR9ZC/tThz7b8=", "first_name": "Fourth", "last_name": "Restaurant", "username": "fourthrestaurant", "email": "fourthrestaurant-foodonline@gmail.com", "phone_number": "", "role": 1, "date_joined": "2022-03-25T11:30:55.752Z", "last_login": "2022-05-29T19:35:54.684Z", "created_date": "2022-03-25T11:30:55.752Z", "modified_date": "2022-03-25T11:32:03.364Z", "is_admin": false, "is_staff": false, "is_active": true, "is_superadmin": false}}, {"model": "accounts.user", "pk": 28, "fields": {"password": "pbkdf2_sha256$260000$skjjQldDH2tEKcIlbzGFhP$Ihb0ozkLCSxXD7DMREzs7EK554oE/uymOKLPKbPyCRA=", "first_name": "Fifth", "last_name": "Restaurant", "username": "fifthrestaurant", "email": "fifthrestaurant.foodonline@gmail.com", "phone_number": "", "role": 1, "date_joined": "2022-03-28T19:42:56.189Z", "last_login": "2022-03-29T18:40:27.500Z", "created_date": "2022-03-28T19:42:56.189Z", "modified_date": "2022-03-28T19:43:55.839Z", "is_admin": false, "is_staff": false, "is_active": true, "is_superadmin": false}}, {"model": "accounts.user", "pk": 29, "fields": {"password": "pbkdf2_sha256$320000$mcxYobZunuW8PskWzODtQj$U4f/7rMn5JnTe9m5k52fJgnaRz6yMt28IhOrrgcAxVo=", "first_name": "Rathan", "last_name": "Kumar", "username": "djangorathan", "email": "django.foodonline@gmail.com", "phone_number": "", "role": 2, "date_joined": "2022-07-08T17:48:22.125Z", "last_login": "2022-07-08T17:48:22.125Z", "created_date": "2022-07-08T17:48:22.125Z", "modified_date": "2022-07-08T17:49:18.219Z", "is_admin": false, "is_staff": false, "is_active": true, "is_superadmin": false}}, {"model": "accounts.user", "pk": 30, "fields": {"password": "pbkdf2_sha256$320000$3XG1xd2oJhmgOkSGEA3of4$zUvJ7099XcWdDF+fuU+GwIk323n3qNiS7ZVJ4HziF8A=", "first_name": "Pizza", "last_name": "Hut", "username": "foodonline.pizzahut", "email": "foodonline.pizzahut@gmail.com", "phone_number": "", "role": 1, "date_joined": "2022-07-22T09:14:02.787Z", "last_login": "2022-07-22T09:15:10.976Z", "created_date": "2022-07-22T09:14:02.787Z", "modified_date": "2022-07-22T09:14:40.176Z", "is_admin": false, "is_staff": false, "is_active": true, "is_superadmin": false}}, {"model": "accounts.user", "pk": 31, "fields": {"password": "pbkdf2_sha256$320000$3tIgsB8wk6E9gvhD7DnJ7M$ThUlYhkwWhSNsFR4PtyKBvwx2eWK/pR670oM/i6pNXY=", "first_name": "Dominos", "last_name": "Mumbai", "username": "foodonline.dominos", "email": "foodonline.dominos@gmail.com", "phone_number": "", "role": 1, "date_joined": "2022-07-22T09:22:32.655Z", "last_login": "2022-07-22T09:24:54.218Z", "created_date": "2022-07-22T09:22:32.655Z", "modified_date": "2022-07-22T09:23:38.522Z", "is_admin": false, "is_staff": false, "is_active": true, "is_superadmin": false}}, {"model": "accounts.user", "pk": 32, "fields": {"password": "pbkdf2_sha256$320000$FWKjiKgurL05trGQPYRGwi$/Unsw/lXqr0BiaM5qc6FuHwgBkbMwJDVOxby5yZfNHE=", "first_name": "Burger", "last_name": "King", "username": "foodonline.burgerking", "email": "foodonline.burgerking@gmail.com", "phone_number": "", "role": 1, "date_joined": "2022-07-22T09:40:53.900Z", "last_login": "2022-07-22T09:41:59.513Z", "created_date": "2022-07-22T09:40:53.900Z", "modified_date": "2022-07-22T09:41:10.929Z", "is_admin": false, "is_staff": false, "is_active": true, "is_superadmin": false}}, {"model": "accounts.userprofile", "pk": 3, "fields": {"user": 1, "profile_picture": "", "cover_photo": "", "address": null, "country": null, "state": null, "city": null, "pin_code": null, "latitude": null, "longitude": null, "location": null, "created_at": "2021-11-25T15:35:23.568Z", "modified_at": "2022-07-22T13:16:44.118Z"}}, {"model": "accounts.userprofile", "pk": 19, "fields": {"user": 20, "profile_picture": "users/profile_pictures/profile-of-a-man-showing-a-strong-jaw-300x300.jpg", "cover_photo": "users/cover_photos/cover-photo-5_JqqnWBb.PNG", "address": "Vashi, Navi Mumbai, Maharashtra, India", "country": "India", "state": "Maharashtra", "city": "Navi Mumbai", "pin_code": "400703", "latitude": "19.0744857", "longitude": "72.99778409999999", "location": "SRID=4326;POINT (72.99778409999999 19.0744857)", "created_at": "2021-12-25T10:37:37.939Z", "modified_at": "2022-07-22T13:21:31.689Z"}}, {"model": "accounts.userprofile", "pk": 20, "fields": {"user": 21, "profile_picture": "users/profile_pictures/italian-pizza-600x600.jpg", "cover_photo": "users/cover_photos/cover-photo-4_lBEe3VK.PNG", "address": "Mumbai Central Railway Station Building, Mumbai Central, Mumbai, Maharashtra, India", "country": "India", "state": "Maharashtra", "city": "Mumbai", "pin_code": "400008", "latitude": "18.969539", "longitude": "72.819329", "location": "SRID=4326;POINT (72.819329 18.969539)", "created_at": "2021-12-25T11:10:50.049Z", "modified_at": "2022-07-22T13:19:06.527Z"}}, {"model": "accounts.userprofile", "pk": 22, "fields": {"user": 23, "profile_picture": "users/profile_pictures/chicken-barbeque.jpg", "cover_photo": "users/cover_photos/cover-photo-1_HfjymK2.PNG", "address": "Andheri East, Mumbai, Maharashtra, India", "country": "India", "state": "Maharashtra", "city": "Mumbai", "pin_code": "100000", "latitude": "19.1178548", "longitude": "72.8631304", "location": "SRID=4326;POINT (72.8631304 19.1178548)", "created_at": "2022-02-12T07:21:29.826Z", "modified_at": "2022-07-05T21:52:31.037Z"}}, {"model": "accounts.userprofile", "pk": 25, "fields": {"user": 26, "profile_picture": "users/profile_pictures/chicken-600x600.jpg", "cover_photo": "users/cover_photos/cover-photo-2_7ytDOGS.PNG", "address": "Vashi Railway Station, Navi Mumbai, Maharashtra", "country": "India", "state": "Maharashtra", "city": "Navi Mumbai", "pin_code": "400703", "latitude": "19.0632517", "longitude": "72.9988553", "location": "SRID=4326;POINT (72.9988553 19.0632517)", "created_at": "2022-03-25T07:47:15.551Z", "modified_at": "2022-04-03T13:19:10.251Z"}}, {"model": "accounts.userprofile", "pk": 26, "fields": {"user": 27, "profile_picture": "users/profile_pictures/chicken-600x600_iDz87JT.jpg", "cover_photo": "users/cover_photos/cover-photo-2_tVaGJg4.PNG", "address": "Panvel, Navi Mumbai, Maharashtra, India", "country": "India", "state": "Maharashtra", "city": "Navi Mumbai", "pin_code": "400100", "latitude": "18.9894007", "longitude": "73.1175162", "location": "SRID=4326;POINT (73.1175162 18.9894007)", "created_at": "2022-03-25T11:30:55.758Z", "modified_at": "2022-05-29T19:35:54.687Z"}}, {"model": "accounts.userprofile", "pk": 27, "fields": {"user": 28, "profile_picture": "users/profile_pictures/burger-600x600.jpg", "cover_photo": "users/cover_photos/cover-photo-2_IMn5jWN.PNG", "address": "Panvel, Navi Mumbai, Maharashtra, India", "country": "India", "state": "Maharashtra", "city": "Navi Mumbai", "pin_code": "400101", "latitude": "18.9894007", "longitude": "73.1175162", "location": "SRID=4326;POINT (73.1175162 18.9894007)", "created_at": "2022-03-28T19:42:56.205Z", "modified_at": "2022-04-03T13:18:06.334Z"}}, {"model": "accounts.userprofile", "pk": 28, "fields": {"user": 29, "profile_picture": "", "cover_photo": "", "address": null, "country": null, "state": null, "city": null, "pin_code": null, "latitude": null, "longitude": null, "location": null, "created_at": "2022-07-08T17:48:22.137Z", "modified_at": "2022-07-08T17:49:18.372Z"}}, {"model": "accounts.userprofile", "pk": 29, "fields": {"user": 30, "profile_picture": "users/profile_pictures/pizza-600x600.jpg", "cover_photo": "users/cover_photos/cover-photo-3_T2O4818.PNG", "address": "Belapur, Navi Mumbai, Maharashtra, India", "country": "India", "state": "Maharashtra", "city": "Navi Mumbai", "pin_code": "400708", "latitude": "19.0237174", "longitude": "73.04039329999999", "location": "SRID=4326;POINT (73.04039329999999 19.0237174)", "created_at": "2022-07-22T09:14:02.796Z", "modified_at": "2022-07-22T09:17:17.508Z"}}, {"model": "accounts.userprofile", "pk": 30, "fields": {"user": 31, "profile_picture": "users/profile_pictures/brand_pic3.jpg", "cover_photo": "users/cover_photos/cover-photo-1_tt4Amcp.PNG", "address": "Nerul LP Flyover Bridge, MIDC Industrial Area, Shiravane, Nerul, Navi Mumbai, Maharashtra, India", "country": "India", "state": "Maharashtra", "city": "Navi Mumbai", "pin_code": "400706", "latitude": "19.0467715", "longitude": "73.02483819999999", "location": "SRID=4326;POINT (73.02483819999999 19.0467715)", "created_at": "2022-07-22T09:22:32.663Z", "modified_at": "2022-07-22T09:26:06.730Z"}}, {"model": "accounts.userprofile", "pk": 31, "fields": {"user": 32, "profile_picture": "users/profile_pictures/burgerking.png", "cover_photo": "users/cover_photos/cover-photo-3_tfgu3ZF.PNG", "address": "Sanpada, Navi Mumbai, Maharashtra, India", "country": "India", "state": "Maharashtra", "city": "Navi Mumbai", "pin_code": "400702", "latitude": "19.0600613", "longitude": "73.01398619999999", "location": "SRID=4326;POINT (73.01398619999999 19.0600613)", "created_at": "2022-07-22T09:40:53.910Z", "modified_at": "2022-07-22T09:43:34.270Z"}}, {"model": "vendor.vendor", "pk": 2, "fields": {"user": 21, "user_profile": 20, "vendor_name": "ABC Restaurant", "vendor_slug": "abc-restaurant", "vendor_license": "vendor/license/license-sample-image_GzOUAXz.jpg", "is_approved": true, "created_at": "2021-12-25T11:10:50.368Z", "modified_at": "2022-02-23T16:20:26.255Z"}}, {"model": "vendor.vendor", "pk": 4, "fields": {"user": 23, "user_profile": 22, "vendor_name": "Second Restaurant", "vendor_slug": "second-restaurant", "vendor_license": "vendor/license/license-sample-image_C7KU48s.jpg", "is_approved": true, "created_at": "2022-02-12T07:21:29.903Z", "modified_at": "2022-03-29T18:30:53.432Z"}}, {"model": "vendor.vendor", "pk": 7, "fields": {"user": 26, "user_profile": 25, "vendor_name": "Third Restaurant", "vendor_slug": "third-restaurant-26", "vendor_license": "vendor/license/license-sample-image_b0bOrOL.jpg", "is_approved": true, "created_at": "2022-03-25T07:47:15.585Z", "modified_at": "2022-03-29T18:33:44.824Z"}}, {"model": "vendor.vendor", "pk": 8, "fields": {"user": 27, "user_profile": 26, "vendor_name": "Fourth Restaurant", "vendor_slug": "fourth-restaurant-27", "vendor_license": "vendor/license/license-sample-image_WZ5qrNi.jpg", "is_approved": true, "created_at": "2022-03-25T11:30:55.807Z", "modified_at": "2022-03-25T11:35:17.931Z"}}, {"model": "vendor.vendor", "pk": 9, "fields": {"user": 28, "user_profile": 27, "vendor_name": "Fifth Restaurant", "vendor_slug": "fifth-restaurant-28", "vendor_license": "vendor/license/license-sample-image_hAaycLE.jpg", "is_approved": true, "created_at": "2022-03-28T19:42:56.269Z", "modified_at": "2022-03-28T19:46:19.221Z"}}, {"model": "vendor.vendor", "pk": 10, "fields": {"user": 30, "user_profile": 29, "vendor_name": "Pizza Hut", "vendor_slug": "pizza-hut-30", "vendor_license": "vendor/license/marketplace.PNG", "is_approved": true, "created_at": "2022-07-22T09:14:02.878Z", "modified_at": "2022-07-22T09:17:17.519Z"}}, {"model": "vendor.vendor", "pk": 11, "fields": {"user": 31, "user_profile": 30, "vendor_name": "Domino's", "vendor_slug": "dominos-31", "vendor_license": "vendor/license/license-sample-image_lKBnQ0n.jpg", "is_approved": true, "created_at": "2022-07-22T09:22:32.696Z", "modified_at": "2022-07-22T09:26:06.740Z"}}, {"model": "vendor.vendor", "pk": 12, "fields": {"user": 32, "user_profile": 31, "vendor_name": "Burger King", "vendor_slug": "burger-king-32", "vendor_license": "vendor/license/burgerking.png", "is_approved": true, "created_at": "2022-07-22T09:40:53.946Z", "modified_at": "2022-07-22T09:43:34.282Z"}}, {"model": "vendor.openinghour", "pk": 40, "fields": {"vendor": 4, "day": 2, "from_hour": "08:00 AM", "to_hour": "06:00 PM", "is_closed": false}}, {"model": "vendor.openinghour", "pk": 41, "fields": {"vendor": 4, "day": 3, "from_hour": "08:00 AM", "to_hour": "06:00 PM", "is_closed": false}}, {"model": "vendor.openinghour", "pk": 42, "fields": {"vendor": 4, "day": 4, "from_hour": "08:00 AM", "to_hour": "06:00 PM", "is_closed": false}}, {"model": "vendor.openinghour", "pk": 43, "fields": {"vendor": 4, "day": 5, "from_hour": "08:00 AM", "to_hour": "06:00 PM", "is_closed": false}}, {"model": "vendor.openinghour", "pk": 44, "fields": {"vendor": 4, "day": 6, "from_hour": "08:00 AM", "to_hour": "12:00 PM", "is_closed": false}}, {"model": "vendor.openinghour", "pk": 45, "fields": {"vendor": 4, "day": 6, "from_hour": "02:00 PM", "to_hour": "05:00 PM", "is_closed": false}}, {"model": "vendor.openinghour", "pk": 46, "fields": {"vendor": 4, "day": 7, "from_hour": "", "to_hour": "", "is_closed": true}}, {"model": "vendor.openinghour", "pk": 47, "fields": {"vendor": 4, "day": 1, "from_hour": "01:00 AM", "to_hour": "06:00 PM", "is_closed": false}}, {"model": "vendor.openinghour", "pk": 58, "fields": {"vendor": 8, "day": 1, "from_hour": "05:00 AM", "to_hour": "07:30 PM", "is_closed": false}}, {"model": "vendor.openinghour", "pk": 59, "fields": {"vendor": 8, "day": 2, "from_hour": "06:30 AM", "to_hour": "10:00 PM", "is_closed": false}}, {"model": "vendor.openinghour", "pk": 60, "fields": {"vendor": 8, "day": 3, "from_hour": "08:30 AM", "to_hour": "12:30 PM", "is_closed": false}}, {"model": "vendor.openinghour", "pk": 61, "fields": {"vendor": 8, "day": 4, "from_hour": "09:30 AM", "to_hour": "05:00 PM", "is_closed": false}}, {"model": "vendor.openinghour", "pk": 62, "fields": {"vendor": 8, "day": 5, "from_hour": "12:30 PM", "to_hour": "06:00 PM", "is_closed": false}}, {"model": "vendor.openinghour", "pk": 63, "fields": {"vendor": 8, "day": 6, "from_hour": "08:30 AM", "to_hour": "05:30 PM", "is_closed": false}}, {"model": "vendor.openinghour", "pk": 98, "fields": {"vendor": 10, "day": 1, "from_hour": "05:30 AM", "to_hour": "09:00 PM", "is_closed": false}}, {"model": "vendor.openinghour", "pk": 99, "fields": {"vendor": 10, "day": 2, "from_hour": "07:30 AM", "to_hour": "01:30 PM", "is_closed": false}}, {"model": "vendor.openinghour", "pk": 100, "fields": {"vendor": 10, "day": 5, "from_hour": "10:30 AM", "to_hour": "10:30 PM", "is_closed": false}}, {"model": "vendor.openinghour", "pk": 101, "fields": {"vendor": 11, "day": 1, "from_hour": "07:30 AM", "to_hour": "10:00 PM", "is_closed": false}}, {"model": "vendor.openinghour", "pk": 102, "fields": {"vendor": 11, "day": 2, "from_hour": "07:30 AM", "to_hour": "02:00 PM", "is_closed": false}}, {"model": "vendor.openinghour", "pk": 103, "fields": {"vendor": 11, "day": 2, "from_hour": "03:00 PM", "to_hour": "06:30 PM", "is_closed": false}}, {"model": "vendor.openinghour", "pk": 105, "fields": {"vendor": 11, "day": 7, "from_hour": "", "to_hour": "", "is_closed": true}}, {"model": "vendor.openinghour", "pk": 106, "fields": {"vendor": 11, "day": 5, "from_hour": "09:00 AM", "to_hour": "07:00 PM", "is_closed": false}}, {"model": "vendor.openinghour", "pk": 107, "fields": {"vendor": 12, "day": 1, "from_hour": "07:30 AM", "to_hour": "06:30 PM", "is_closed": false}}, {"model": "vendor.openinghour", "pk": 108, "fields": {"vendor": 12, "day": 5, "from_hour": "08:30 AM", "to_hour": "10:30 PM", "is_closed": false}}, {"model": "vendor.openinghour", "pk": 109, "fields": {"vendor": 2, "day": 3, "from_hour": "10:00 AM", "to_hour": "06:00 PM", "is_closed": false}}, {"model": "vendor.openinghour", "pk": 113, "fields": {"vendor": 2, "day": 2, "from_hour": "10:00 AM", "to_hour": "06:00 PM", "is_closed": false}}, {"model": "vendor.openinghour", "pk": 115, "fields": {"vendor": 2, "day": 1, "from_hour": "12:00 PM", "to_hour": "06:00 PM", "is_closed": false}}, {"model": "vendor.openinghour", "pk": 116, "fields": {"vendor": 2, "day": 4, "from_hour": "08:30 AM", "to_hour": "10:30 PM", "is_closed": false}}, {"model": "vendor.openinghour", "pk": 117, "fields": {"vendor": 2, "day": 5, "from_hour": "08:30 AM", "to_hour": "10:30 PM", "is_closed": false}}, {"model": "vendor.openinghour", "pk": 118, "fields": {"vendor": 2, "day": 6, "from_hour": "", "to_hour": "", "is_closed": true}}, {"model": "vendor.openinghour", "pk": 119, "fields": {"vendor": 2, "day": 7, "from_hour": "", "to_hour": "", "is_closed": true}}, {"model": "menu.category", "pk": 1, "fields": {"vendor": 2, "category_name": "Burgers", "slug": "burgers", "description": "", "created_at": "2022-01-25T11:10:33.425Z", "updated_at": "2022-07-22T10:29:27.000Z"}}, {"model": "menu.category", "pk": 2, "fields": {"vendor": 2, "category_name": "Pizza", "slug": "pizza", "description": "", "created_at": "2022-01-25T11:13:14.571Z", "updated_at": "2022-01-25T11:13:14.571Z"}}, {"model": "menu.category", "pk": 3, "fields": {"vendor": 2, "category_name": "Sea food", "slug": "sea-food", "description": "test sea food category", "created_at": "2022-01-25T11:13:31.135Z", "updated_at": "2022-01-25T12:40:25.390Z"}}, {"model": "menu.category", "pk": 4, "fields": {"vendor": 2, "category_name": "Chicken", "slug": "chicken", "description": "", "created_at": "2022-01-25T11:13:47.669Z", "updated_at": "2022-01-25T11:13:47.670Z"}}, {"model": "menu.category", "pk": 13, "fields": {"vendor": 4, "category_name": "Vendor2 cat", "slug": "vendor2-cat", "description": "Test category", "created_at": "2022-02-12T07:40:11.669Z", "updated_at": "2022-02-12T07:40:11.669Z"}}, {"model": "menu.category", "pk": 14, "fields": {"vendor": 4, "category_name": "Category 123", "slug": "category-123", "description": "", "created_at": "2022-02-12T08:06:02.020Z", "updated_at": "2022-02-12T08:06:02.020Z"}}, {"model": "menu.category", "pk": 28, "fields": {"vendor": 9, "category_name": "Chicken", "slug": "chicken-28", "description": "", "created_at": "2022-03-28T20:30:13.321Z", "updated_at": "2022-03-28T20:30:13.326Z"}}, {"model": "menu.category", "pk": 29, "fields": {"vendor": 7, "category_name": "Burgers", "slug": "burgers-29", "description": "", "created_at": "2022-03-29T18:34:04.760Z", "updated_at": "2022-03-29T18:34:04.768Z"}}, {"model": "menu.category", "pk": 30, "fields": {"vendor": 8, "category_name": "Pizza", "slug": "pizza-30", "description": "", "created_at": "2022-03-29T18:36:42.995Z", "updated_at": "2022-03-29T18:36:43.002Z"}}, {"model": "menu.category", "pk": 31, "fields": {"vendor": 8, "category_name": "Rice", "slug": "rice-31", "description": "", "created_at": "2022-03-29T18:37:50.418Z", "updated_at": "2022-03-29T18:37:50.423Z"}}, {"model": "menu.category", "pk": 32, "fields": {"vendor": 9, "category_name": "Fish", "slug": "fish-32", "description": "", "created_at": "2022-03-29T18:40:39.904Z", "updated_at": "2022-03-29T18:40:39.910Z"}}, {"model": "menu.category", "pk": 33, "fields": {"vendor": 10, "category_name": "Chicken pizza", "slug": "chicken-pizza-33", "description": "", "created_at": "2022-07-22T09:17:47.608Z", "updated_at": "2022-07-22T09:17:47.616Z"}}, {"model": "menu.category", "pk": 34, "fields": {"vendor": 11, "category_name": "Veg pizza", "slug": "veg-pizza-34", "description": "", "created_at": "2022-07-22T09:26:45.827Z", "updated_at": "2022-07-22T09:26:45.830Z"}}, {"model": "menu.category", "pk": 35, "fields": {"vendor": 11, "category_name": "Non-veg pizza", "slug": "non-veg-pizza-35", "description": "", "created_at": "2022-07-22T09:29:39.336Z", "updated_at": "2022-07-22T09:29:39.344Z"}}, {"model": "menu.category", "pk": 37, "fields": {"vendor": 2, "category_name": "Test category", "slug": "test-category-37", "description": "", "created_at": "2022-07-22T13:20:15.016Z", "updated_at": "2022-07-22T13:20:15.026Z"}}, {"model": "menu.fooditem", "pk": 1, "fields": {"vendor": 2, "category": 1, "food_title": "Burger One", "slug": "burger-one", "description": "test", "price": "10.00", "image": "foodimages/burger-600x600.jpg", "is_available": true, "created_at": "2022-01-25T11:34:42.188Z", "updated_at": "2022-02-08T11:42:36.159Z"}}, {"model": "menu.fooditem", "pk": 2, "fields": {"vendor": 2, "category": 2, "food_title": "Italian Pizza", "slug": "italian-pizza", "description": "", "price": "12.00", "image": "foodimages/italian-pizza-600x600.jpg", "is_available": true, "created_at": "2022-01-25T11:36:03.604Z", "updated_at": "2022-01-25T11:36:03.604Z"}}, {"model": "menu.fooditem", "pk": 3, "fields": {"vendor": 2, "category": 2, "food_title": "Pizza One", "slug": "pizza-one", "description": "", "price": "15.00", "image": "foodimages/pizza-600x600.jpg", "is_available": true, "created_at": "2022-01-25T11:36:43.620Z", "updated_at": "2022-01-25T11:36:43.620Z"}}, {"model": "menu.fooditem", "pk": 5, "fields": {"vendor": 2, "category": 4, "food_title": "Fried Chicken", "slug": "fried-chicken", "description": "", "price": "15.00", "image": "foodimages/Pan-Fried-Chicken-600x600.jpg", "is_available": true, "created_at": "2022-01-25T11:38:31.906Z", "updated_at": "2022-01-25T11:38:31.906Z"}}, {"model": "menu.fooditem", "pk": 6, "fields": {"vendor": 2, "category": 4, "food_title": "Barbecue Chicken", "slug": "barbecue-chicken", "description": "", "price": "25.00", "image": "foodimages/chicken-barbeque.jpg", "is_available": true, "created_at": "2022-01-25T11:41:38.826Z", "updated_at": "2022-03-29T19:32:56.340Z"}}, {"model": "menu.fooditem", "pk": 8, "fields": {"vendor": 2, "category": 3, "food_title": "Some food", "slug": "some-food", "description": "Test seafood", "price": "15.00", "image": "foodimages/seafood-600x600_QsNhrXM.jpg", "is_available": true, "created_at": "2022-02-08T11:43:47.201Z", "updated_at": "2022-02-08T11:43:47.201Z"}}, {"model": "menu.fooditem", "pk": 10, "fields": {"vendor": 4, "category": 13, "food_title": "BBQ Chicken", "slug": "bbq-chicken", "description": "", "price": "10.00", "image": "foodimages/chicken-barbeque_cLq0cVq.jpg", "is_available": true, "created_at": "2022-03-08T12:22:12.221Z", "updated_at": "2022-03-08T12:23:54.030Z"}}, {"model": "menu.fooditem", "pk": 11, "fields": {"vendor": 4, "category": 14, "food_title": "Butter Chicken", "slug": "butter-chicken", "description": "", "price": "12.00", "image": "foodimages/Pan-Fried-Chicken-600x600_U9uO4Mw.jpg", "is_available": true, "created_at": "2022-03-08T12:23:07.300Z", "updated_at": "2022-03-08T12:24:06.245Z"}}, {"model": "menu.fooditem", "pk": 12, "fields": {"vendor": 9, "category": 28, "food_title": "Chicken Leg", "slug": "chicken-leg", "description": "", "price": "10.00", "image": "foodimages/chicken-barbeque_ObAR1w9.jpg", "is_available": true, "created_at": "2022-03-28T20:30:46.177Z", "updated_at": "2022-03-29T18:42:52.285Z"}}, {"model": "menu.fooditem", "pk": 13, "fields": {"vendor": 4, "category": 13, "food_title": "Pan Pizza", "slug": "pan-pizza", "description": "", "price": "12.00", "image": "foodimages/veg-pizza-600x600_jvyYndJ.jpg", "is_available": true, "created_at": "2022-03-29T18:31:54.935Z", "updated_at": "2022-03-29T18:31:54.935Z"}}, {"model": "menu.fooditem", "pk": 14, "fields": {"vendor": 7, "category": 29, "food_title": "Veg Burger", "slug": "veg-burger", "description": "", "price": "5.00", "image": "foodimages/burger-600x600_Jol7uWv.jpg", "is_available": true, "created_at": "2022-03-29T18:34:27.859Z", "updated_at": "2022-03-29T18:34:27.859Z"}}, {"model": "menu.fooditem", "pk": 15, "fields": {"vendor": 7, "category": 29, "food_title": "King Burger", "slug": "king-burger", "description": "", "price": "6.00", "image": "foodimages/profile-picture-5.PNG", "is_available": true, "created_at": "2022-03-29T18:35:19.226Z", "updated_at": "2022-03-29T18:35:19.226Z"}}, {"model": "menu.fooditem", "pk": 16, "fields": {"vendor": 8, "category": 30, "food_title": "Chicken Pizza", "slug": "chicken-pizza", "description": "", "price": "8.00", "image": "foodimages/veg-pizza-600x600_Tk7SGZU.jpg", "is_available": true, "created_at": "2022-03-29T18:37:12.330Z", "updated_at": "2022-03-29T18:37:12.330Z"}}, {"model": "menu.fooditem", "pk": 17, "fields": {"vendor": 8, "category": 31, "food_title": "Steam Rice", "slug": "steam-rice", "description": "", "price": "2.00", "image": "foodimages/steam-rice.jpg", "is_available": true, "created_at": "2022-03-29T18:39:47.948Z", "updated_at": "2022-03-29T18:39:47.948Z"}}, {"model": "menu.fooditem", "pk": 18, "fields": {"vendor": 8, "category": 31, "food_title": "Rice bowl", "slug": "rice-bowl", "description": "", "price": "2.00", "image": "foodimages/rice-bowl.jpg", "is_available": true, "created_at": "2022-03-29T18:40:12.783Z", "updated_at": "2022-03-29T18:40:12.783Z"}}, {"model": "menu.fooditem", "pk": 19, "fields": {"vendor": 9, "category": 32, "food_title": "Grilled Tuna Fish", "slug": "grilled-tuna-fish", "description": "", "price": "10.00", "image": "foodimages/tuna-fish.jpg", "is_available": true, "created_at": "2022-03-29T18:41:44.388Z", "updated_at": "2022-03-29T18:54:40.074Z"}}, {"model": "menu.fooditem", "pk": 20, "fields": {"vendor": 9, "category": 28, "food_title": "Grilled Chicken", "slug": "grilled-chicken", "description": "", "price": "10.00", "image": "foodimages/chicken-600x600_jvgiEzI.jpg", "is_available": true, "created_at": "2022-03-29T18:42:13.100Z", "updated_at": "2022-03-29T18:42:13.100Z"}}, {"model": "menu.fooditem", "pk": 21, "fields": {"vendor": 10, "category": 33, "food_title": "Chicken Grilled Pizza", "slug": "chicken-grilled-pizza", "description": "", "price": "15.00", "image": "foodimages/italian-pizza-600x600_GMTqqs0.jpg", "is_available": true, "created_at": "2022-07-22T09:18:23.051Z", "updated_at": "2022-07-22T09:18:23.051Z"}}, {"model": "menu.fooditem", "pk": 22, "fields": {"vendor": 11, "category": 35, "food_title": "Pepperoni Pizza", "slug": "pepperoni-pizza", "description": "", "price": "25.00", "image": "foodimages/PepperoniPizza.jpg", "is_available": true, "created_at": "2022-07-22T09:30:27.867Z", "updated_at": "2022-07-22T09:30:27.867Z"}}, {"model": "menu.fooditem", "pk": 24, "fields": {"vendor": 2, "category": 37, "food_title": "Test food item", "slug": "test-food-item", "description": "", "price": "20.00", "image": "foodimages/profile-picture-1_ZsGm8LW.PNG", "is_available": true, "created_at": "2022-07-22T13:20:37.530Z", "updated_at": "2022-07-22T13:20:37.530Z"}}, {"model": "marketplace.cart", "pk": 56, "fields": {"user": 28, "fooditem": 19, "quantity": 1, "created_at": "2022-03-29T18:53:45.330Z", "updated_at": "2022-03-29T18:53:45.330Z"}}, {"model": "marketplace.cart", "pk": 57, "fields": {"user": 23, "fooditem": 2, "quantity": 5, "created_at": "2022-05-20T09:09:45.709Z", "updated_at": "2022-05-20T09:16:31.898Z"}}, {"model": "marketplace.cart", "pk": 58, "fields": {"user": 23, "fooditem": 3, "quantity": 2, "created_at": "2022-05-20T09:16:09.623Z", "updated_at": "2022-05-20T09:16:33.319Z"}}, {"model": "marketplace.cart", "pk": 59, "fields": {"user": 23, "fooditem": 10, "quantity": 2, "created_at": "2022-05-20T09:18:55.574Z", "updated_at": "2022-05-20T09:18:56.379Z"}}, {"model": "marketplace.cart", "pk": 61, "fields": {"user": 1, "fooditem": 2, "quantity": 2, "created_at": "2022-06-02T13:33:43.934Z", "updated_at": "2022-06-02T13:33:50.199Z"}}, {"model": "marketplace.cart", "pk": 118, "fields": {"user": 20, "fooditem": 2, "quantity": 4, "created_at": "2022-07-22T12:23:49.741Z", "updated_at": "2022-07-22T12:24:09.945Z"}}, {"model": "marketplace.cart", "pk": 119, "fields": {"user": 20, "fooditem": 3, "quantity": 4, "created_at": "2022-07-22T12:23:50.732Z", "updated_at": "2022-07-22T12:24:08.906Z"}}, {"model": "marketplace.tax", "pk": 1, "fields": {"tax_type": "CGST", "tax_percentage": "9.00", "is_active": true}}, {"model": "marketplace.tax", "pk": 2, "fields": {"tax_type": "SGST", "tax_percentage": "7.00", "is_active": true}}, {"model": "orders.payment", "pk": 1, "fields": {"user": 20, "transaction_id": "9M050514GE606022A", "payment_method": "PayPal", "amount": "132.24", "status": "COMPLETED", "created_at": "2022-06-20T12:01:29.699Z"}}, {"model": "orders.payment", "pk": 2, "fields": {"user": 20, "transaction_id": "8333503398318673U", "payment_method": "PayPal", "amount": "132.24", "status": "COMPLETED", "created_at": "2022-06-20T12:10:23.203Z"}}, {"model": "orders.payment", "pk": 3, "fields": {"user": 20, "transaction_id": "86F05794R73672409", "payment_method": "PayPal", "amount": "132.24", "status": "COMPLETED", "created_at": "2022-06-20T12:11:41.725Z"}}, {"model": "orders.payment", "pk": 4, "fields": {"user": 20, "transaction_id": "8UU831098T5797701", "payment_method": "PayPal", "amount": "132.24", "status": "COMPLETED", "created_at": "2022-06-20T12:23:30.652Z"}}, {"model": "orders.payment", "pk": 5, "fields": {"user": 20, "transaction_id": "2YP74238DR2595045", "payment_method": "PayPal", "amount": "132.24", "status": "COMPLETED", "created_at": "2022-06-20T12:24:57.303Z"}}, {"model": "orders.payment", "pk": 6, "fields": {"user": 20, "transaction_id": "5EA110607A424764P", "payment_method": "PayPal", "amount": "132.24", "status": "COMPLETED", "created_at": "2022-06-20T13:27:14.778Z"}}, {"model": "orders.payment", "pk": 7, "fields": {"user": 20, "transaction_id": "6GF38759WV937882W", "payment_method": "PayPal", "amount": "132.24", "status": "COMPLETED", "created_at": "2022-06-20T13:29:03.577Z"}}, {"model": "orders.payment", "pk": 8, "fields": {"user": 20, "transaction_id": "5V909325V2504573B", "payment_method": "PayPal", "amount": "74.24", "status": "COMPLETED", "created_at": "2022-06-20T13:42:50.019Z"}}, {"model": "orders.payment", "pk": 9, "fields": {"user": 20, "transaction_id": "0RY03014U4954762S", "payment_method": "PayPal", "amount": "74.24", "status": "COMPLETED", "created_at": "2022-06-20T13:47:02.135Z"}}, {"model": "orders.payment", "pk": 10, "fields": {"user": 20, "transaction_id": "0EM5687123820623T", "payment_method": "PayPal", "amount": "74.24", "status": "COMPLETED", "created_at": "2022-06-20T13:50:41.532Z"}}, {"model": "orders.payment", "pk": 11, "fields": {"user": 20, "transaction_id": "2UG97789BK2703242", "payment_method": "PayPal", "amount": "74.24", "status": "COMPLETED", "created_at": "2022-06-20T13:51:29.752Z"}}, {"model": "orders.payment", "pk": 12, "fields": {"user": 20, "transaction_id": "9S775742CU758343X", "payment_method": "PayPal", "amount": "74.24", "status": "COMPLETED", "created_at": "2022-06-20T13:55:31.518Z"}}, {"model": "orders.payment", "pk": 13, "fields": {"user": 20, "transaction_id": "40M64004SF077913N", "payment_method": "PayPal", "amount": "74.24", "status": "COMPLETED", "created_at": "2022-06-21T07:14:39.981Z"}}, {"model": "orders.payment", "pk": 14, "fields": {"user": 20, "transaction_id": "79G14265MY716825X", "payment_method": "PayPal", "amount": "53.36", "status": "COMPLETED", "created_at": "2022-06-21T10:49:51.009Z"}}, {"model": "orders.payment", "pk": 15, "fields": {"user": 20, "transaction_id": "2GY15711N0360072X", "payment_method": "PayPal", "amount": "23.2", "status": "COMPLETED", "created_at": "2022-06-21T10:54:00.206Z"}}, {"model": "orders.payment", "pk": 16, "fields": {"user": 20, "transaction_id": "5M707341DD324242U", "payment_method": "PayPal", "amount": "23.2", "status": "COMPLETED", "created_at": "2022-06-21T11:01:21.229Z"}}, {"model": "orders.payment", "pk": 17, "fields": {"user": 20, "transaction_id": "3BX508176Y784901S", "payment_method": "PayPal", "amount": "58.0", "status": "COMPLETED", "created_at": "2022-06-21T11:49:19.031Z"}}, {"model": "orders.payment", "pk": 18, "fields": {"user": 20, "transaction_id": "9EA87418C0226544D", "payment_method": "PayPal", "amount": "58.0", "status": "COMPLETED", "created_at": "2022-06-21T11:51:43.913Z"}}, {"model": "orders.payment", "pk": 19, "fields": {"user": 20, "transaction_id": "6LF30751HM5041609", "payment_method": "PayPal", "amount": "58.0", "status": "COMPLETED", "created_at": "2022-06-21T11:57:20.413Z"}}, {"model": "orders.payment", "pk": 20, "fields": {"user": 20, "transaction_id": "7US73888H73813737", "payment_method": "PayPal", "amount": "58.0", "status": "COMPLETED", "created_at": "2022-06-24T12:33:15.598Z"}}, {"model": "orders.payment", "pk": 21, "fields": {"user": 20, "transaction_id": "pay_JlM0RlRXKLrdF9", "payment_method": "RazorPay", "amount": "58.0", "status": "Success", "created_at": "2022-06-24T13:48:57.919Z"}}, {"model": "orders.payment", "pk": 22, "fields": {"user": 20, "transaction_id": "pay_JlM3CYPFcGcTLc", "payment_method": "RazorPay", "amount": "58.0", "status": "Success", "created_at": "2022-06-24T13:51:31.545Z"}}, {"model": "orders.payment", "pk": 23, "fields": {"user": 20, "transaction_id": "1UJ241282T5258400", "payment_method": "PayPal", "amount": "103.24", "status": "COMPLETED", "created_at": "2022-07-04T15:08:04.359Z"}}, {"model": "orders.payment", "pk": 24, "fields": {"user": 20, "transaction_id": "1VH69269KN2058603", "payment_method": "PayPal", "amount": "103.24", "status": "COMPLETED", "created_at": "2022-07-04T15:37:34.456Z"}}, {"model": "orders.payment", "pk": 25, "fields": {"user": 20, "transaction_id": "pay_JpLDXRCnOocHXB", "payment_method": "RazorPay", "amount": "100.92", "status": "Success", "created_at": "2022-07-04T15:38:37.648Z"}}, {"model": "orders.payment", "pk": 26, "fields": {"user": 20, "transaction_id": "pay_JpLEHqL4WDCodm", "payment_method": "RazorPay", "amount": "48.72", "status": "Success", "created_at": "2022-07-04T15:39:19.963Z"}}, {"model": "orders.payment", "pk": 27, "fields": {"user": 20, "transaction_id": "01C44386SV064461H", "payment_method": "PayPal", "amount": "34.8", "status": "COMPLETED", "created_at": "2022-07-04T15:40:06.692Z"}}, {"model": "orders.payment", "pk": 28, "fields": {"user": 20, "transaction_id": "24D61699UW774244T", "payment_method": "PayPal", "amount": "70.76", "status": "COMPLETED", "created_at": "2022-07-04T15:45:03.171Z"}}, {"model": "orders.payment", "pk": 29, "fields": {"user": 20, "transaction_id": "78V79464MM308125N", "payment_method": "PayPal", "amount": "184.44", "status": "COMPLETED", "created_at": "2022-07-05T20:07:08.055Z"}}, {"model": "orders.payment", "pk": 30, "fields": {"user": 20, "transaction_id": "3VD89442WG847040E", "payment_method": "PayPal", "amount": "114.84", "status": "COMPLETED", "created_at": "2022-07-05T21:10:58.393Z"}}, {"model": "orders.payment", "pk": 31, "fields": {"user": 20, "transaction_id": "6H742762J62647718", "payment_method": "PayPal", "amount": "84.68", "status": "COMPLETED", "created_at": "2022-07-12T17:29:04.938Z"}}, {"model": "orders.payment", "pk": 32, "fields": {"user": 20, "transaction_id": "3KF827068R8666302", "payment_method": "PayPal", "amount": "84.68", "status": "COMPLETED", "created_at": "2022-07-12T17:33:53.197Z"}}, {"model": "orders.payment", "pk": 33, "fields": {"user": 20, "transaction_id": "63775090D6478001C", "payment_method": "PayPal", "amount": "84.68", "status": "COMPLETED", "created_at": "2022-07-12T17:47:11.444Z"}}, {"model": "orders.payment", "pk": 34, "fields": {"user": 20, "transaction_id": "5SA031018U975552R", "payment_method": "PayPal", "amount": "84.68", "status": "COMPLETED", "created_at": "2022-07-12T18:06:08.869Z"}}, {"model": "orders.payment", "pk": 35, "fields": {"user": 20, "transaction_id": "0F552071Y61325013", "payment_method": "PayPal", "amount": "84.68", "status": "COMPLETED", "created_at": "2022-07-12T18:24:00.664Z"}}, {"model": "orders.payment", "pk": 36, "fields": {"user": 20, "transaction_id": "pay_JwNiJsD62uzp6F", "payment_method": "RazorPay", "amount": "132.24", "status": "Success", "created_at": "2022-07-22T10:38:10.590Z"}}, {"model": "orders.payment", "pk": 37, "fields": {"user": 20, "transaction_id": "2YR93895RM6474819", "payment_method": "PayPal", "amount": "41.76", "status": "COMPLETED", "created_at": "2022-07-22T11:48:27.291Z"}}, {"model": "orders.order", "pk": 57, "fields": {"user": 20, "payment": 23, "order_number": "2022070420371957", "first_name": "Rathan", "last_name": "Kumar", "phone": "1234567898", "email": "customer.foodonline@gmail.com", "address": "Vashi, Navi Mumbai, Maharashtra, India", "country": "India", "state": "Maharashtra", "city": "Navi Mumbai", "pin_code": "400703", "total": 103.24, "tax_data": "{\"CGST\": {\"9.00\": 8.01}, \"SGST\": {\"7.00\": 6.23}}", "total_data": null, "total_tax": 14.24, "payment_method": "PayPal", "status": "New", "is_ordered": true, "created_at": "2022-07-04T15:07:19.915Z", "updated_at": "2022-07-04T15:08:04.374Z", "vendors": []}}, {"model": "orders.order", "pk": 58, "fields": {"user": 20, "payment": null, "order_number": "2022070420461358", "first_name": "Rathan", "last_name": "Kumar", "phone": "1234567898", "email": "customer.foodonline@gmail.com", "address": "Vashi, Navi Mumbai, Maharashtra, India", "country": "India", "state": "Maharashtra", "city": "Navi Mumbai", "pin_code": "400703", "total": 103.24, "tax_data": "{\"CGST\": {\"9.00\": 8.01}, \"SGST\": {\"7.00\": 6.23}}", "total_data": null, "total_tax": 14.24, "payment_method": "PayPal", "status": "New", "is_ordered": false, "created_at": "2022-07-04T15:16:13.095Z", "updated_at": "2022-07-04T15:16:13.109Z", "vendors": []}}, {"model": "orders.order", "pk": 59, "fields": {"user": 20, "payment": null, "order_number": "2022070420481659", "first_name": "Rathan", "last_name": "Kumar", "phone": "1234567898", "email": "customer.foodonline@gmail.com", "address": "Vashi, Navi Mumbai, Maharashtra, India", "country": "India", "state": "Maharashtra", "city": "Navi Mumbai", "pin_code": "400703", "total": 103.24, "tax_data": "{\"CGST\": {\"9.00\": 8.01}, \"SGST\": {\"7.00\": 6.23}}", "total_data": null, "total_tax": 14.24, "payment_method": "PayPal", "status": "New", "is_ordered": false, "created_at": "2022-07-04T15:18:16.693Z", "updated_at": "2022-07-04T15:18:16.711Z", "vendors": []}}, {"model": "orders.order", "pk": 60, "fields": {"user": 20, "payment": null, "order_number": "2022070420494360", "first_name": "Rathan", "last_name": "Kumar", "phone": "1234567898", "email": "customer.foodonline@gmail.com", "address": "Vashi, Navi Mumbai, Maharashtra, India", "country": "India", "state": "Maharashtra", "city": "Navi Mumbai", "pin_code": "400703", "total": 103.24, "tax_data": "{\"CGST\": {\"9.00\": 8.01}, \"SGST\": {\"7.00\": 6.23}}", "total_data": null, "total_tax": 14.24, "payment_method": "PayPal", "status": "New", "is_ordered": false, "created_at": "2022-07-04T15:19:43.201Z", "updated_at": "2022-07-04T15:19:43.225Z", "vendors": [8, 2, 4]}}, {"model": "orders.order", "pk": 61, "fields": {"user": 20, "payment": 24, "order_number": "2022070421071761", "first_name": "Rathan", "last_name": "Kumar", "phone": "1234567898", "email": "customer.foodonline@gmail.com", "address": "Vashi, Navi Mumbai, Maharashtra, India", "country": "India", "state": "Maharashtra", "city": "Navi Mumbai", "pin_code": "400703", "total": 103.24, "tax_data": "{\"CGST\": {\"9.00\": 8.01}, \"SGST\": {\"7.00\": 6.23}}", "total_data": null, "total_tax": 14.24, "payment_method": "PayPal", "status": "New", "is_ordered": true, "created_at": "2022-07-04T15:37:17.865Z", "updated_at": "2022-07-04T15:37:34.460Z", "vendors": [8, 2, 4]}}, {"model": "orders.order", "pk": 62, "fields": {"user": 20, "payment": 25, "order_number": "2022070421082362", "first_name": "Rathan", "last_name": "Kumar", "phone": "1234567898", "email": "customer.foodonline@gmail.com", "address": "Vashi, Navi Mumbai, Maharashtra, India", "country": "India", "state": "Maharashtra", "city": "Navi Mumbai", "pin_code": "400703", "total": 100.92, "tax_data": "{\"CGST\": {\"9.00\": 7.83}, \"SGST\": {\"7.00\": 6.09}}", "total_data": null, "total_tax": 13.92, "payment_method": "RazorPay", "status": "New", "is_ordered": true, "created_at": "2022-07-04T15:38:23.793Z", "updated_at": "2022-07-04T15:38:37.652Z", "vendors": [2, 4]}}, {"model": "orders.order", "pk": 63, "fields": {"user": 20, "payment": 26, "order_number": "2022070421090763", "first_name": "Rathan", "last_name": "Kumar", "phone": "1234567898", "email": "customer.foodonline@gmail.com", "address": "Vashi, Navi Mumbai, Maharashtra, India", "country": "India", "state": "Maharashtra", "city": "Navi Mumbai", "pin_code": "400703", "total": 48.72, "tax_data": "{\"CGST\": {\"9.00\": 3.78}, \"SGST\": {\"7.00\": 2.94}}", "total_data": null, "total_tax": 6.72, "payment_method": "RazorPay", "status": "New", "is_ordered": true, "created_at": "2022-07-04T15:39:07.073Z", "updated_at": "2022-07-04T15:39:19.967Z", "vendors": [2]}}, {"model": "orders.order", "pk": 64, "fields": {"user": 20, "payment": 27, "order_number": "2022070421095364", "first_name": "Rathan", "last_name": "Kumar", "phone": "1234567898", "email": "customer.foodonline@gmail.com", "address": "Vashi, Navi Mumbai, Maharashtra, India", "country": "India", "state": "Maharashtra", "city": "Navi Mumbai", "pin_code": "400703", "total": 34.8, "tax_data": "{\"CGST\": {\"9.00\": 2.70}, \"SGST\": {\"7.00\": 2.10}}", "total_data": null, "total_tax": 4.8, "payment_method": "PayPal", "status": "New", "is_ordered": true, "created_at": "2022-07-04T15:39:53.877Z", "updated_at": "2022-07-04T15:40:06.697Z", "vendors": [2]}}, {"model": "orders.order", "pk": 65, "fields": {"user": 20, "payment": 28, "order_number": "2022070421145165", "first_name": "Rathan", "last_name": "Kumar", "phone": "1234567898", "email": "customer.foodonline@gmail.com", "address": "Vashi, Navi Mumbai, Maharashtra, India", "country": "India", "state": "Maharashtra", "city": "Navi Mumbai", "pin_code": "400703", "total": 70.76, "tax_data": "{\"CGST\": {\"9.00\": 5.49}, \"SGST\": {\"7.00\": 4.27}}", "total_data": null, "total_tax": 9.76, "payment_method": "PayPal", "status": "New", "is_ordered": true, "created_at": "2022-07-04T15:44:51.168Z", "updated_at": "2022-07-04T15:45:03.174Z", "vendors": [9, 2, 7]}}, {"model": "orders.order", "pk": 66, "fields": {"user": 20, "payment": null, "order_number": "2022070522201966", "first_name": "Rathan", "last_name": "Kumar", "phone": "1234567898", "email": "customer.foodonline@gmail.com", "address": "Vashi, Navi Mumbai, Maharashtra, India", "country": "India", "state": "Maharashtra", "city": "Navi Mumbai", "pin_code": "400703", "total": 84.68, "tax_data": "{\"CGST\": {\"9.00\": 6.57}, \"SGST\": {\"7.00\": 5.11}}", "total_data": null, "total_tax": 11.68, "payment_method": "PayPal", "status": "New", "is_ordered": false, "created_at": "2022-07-05T16:50:19.132Z", "updated_at": "2022-07-05T16:50:19.151Z", "vendors": [9, 2, 7]}}, {"model": "orders.order", "pk": 67, "fields": {"user": 20, "payment": null, "order_number": "2022070522222467", "first_name": "Rathan", "last_name": "Kumar", "phone": "1234567898", "email": "customer.foodonline@gmail.com", "address": "Vashi, Navi Mumbai, Maharashtra, India", "country": "India", "state": "Maharashtra", "city": "Navi Mumbai", "pin_code": "400703", "total": 84.68, "tax_data": "{\"CGST\": {\"9.00\": 6.57}, \"SGST\": {\"7.00\": 5.11}}", "total_data": null, "total_tax": 11.68, "payment_method": "PayPal", "status": "New", "is_ordered": false, "created_at": "2022-07-05T16:52:24.065Z", "updated_at": "2022-07-05T16:52:24.081Z", "vendors": [9, 2, 7]}}, {"model": "orders.order", "pk": 68, "fields": {"user": 20, "payment": null, "order_number": "2022070522233068", "first_name": "Rathan", "last_name": "Kumar", "phone": "1234567898", "email": "customer.foodonline@gmail.com", "address": "Vashi, Navi Mumbai, Maharashtra, India", "country": "India", "state": "Maharashtra", "city": "Navi Mumbai", "pin_code": "400703", "total": 84.68, "tax_data": "{\"CGST\": {\"9.00\": 6.57}, \"SGST\": {\"7.00\": 5.11}}", "total_data": null, "total_tax": 11.68, "payment_method": "PayPal", "status": "New", "is_ordered": false, "created_at": "2022-07-05T16:53:30.728Z", "updated_at": "2022-07-05T16:53:30.752Z", "vendors": [9, 2, 7]}}, {"model": "orders.order", "pk": 69, "fields": {"user": 20, "payment": null, "order_number": "2022070522255569", "first_name": "Rathan", "last_name": "Kumar", "phone": "1234567898", "email": "customer.foodonline@gmail.com", "address": "Vashi, Navi Mumbai, Maharashtra, India", "country": "India", "state": "Maharashtra", "city": "Navi Mumbai", "pin_code": "400703", "total": 84.68, "tax_data": "{\"CGST\": {\"9.00\": 6.57}, \"SGST\": {\"7.00\": 5.11}}", "total_data": null, "total_tax": 11.68, "payment_method": "PayPal", "status": "New", "is_ordered": false, "created_at": "2022-07-05T16:55:55.854Z", "updated_at": "2022-07-05T16:55:55.886Z", "vendors": [9, 2, 7]}}, {"model": "orders.order", "pk": 70, "fields": {"user": 20, "payment": null, "order_number": "2022070522265070", "first_name": "Rathan", "last_name": "Kumar", "phone": "1234567898", "email": "customer.foodonline@gmail.com", "address": "Vashi, Navi Mumbai, Maharashtra, India", "country": "India", "state": "Maharashtra", "city": "Navi Mumbai", "pin_code": "400703", "total": 84.68, "tax_data": "{\"CGST\": {\"9.00\": 6.57}, \"SGST\": {\"7.00\": 5.11}}", "total_data": null, "total_tax": 11.68, "payment_method": "PayPal", "status": "New", "is_ordered": false, "created_at": "2022-07-05T16:56:50.733Z", "updated_at": "2022-07-05T16:56:50.751Z", "vendors": [9, 2, 7]}}, {"model": "orders.order", "pk": 71, "fields": {"user": 20, "payment": null, "order_number": "2022070522273471", "first_name": "Rathan", "last_name": "Kumar", "phone": "1234567898", "email": "customer.foodonline@gmail.com", "address": "Vashi, Navi Mumbai, Maharashtra, India", "country": "India", "state": "Maharashtra", "city": "Navi Mumbai", "pin_code": "400703", "total": 84.68, "tax_data": "{\"CGST\": {\"9.00\": 6.57}, \"SGST\": {\"7.00\": 5.11}}", "total_data": null, "total_tax": 11.68, "payment_method": "PayPal", "status": "New", "is_ordered": false, "created_at": "2022-07-05T16:57:34.855Z", "updated_at": "2022-07-05T16:57:34.880Z", "vendors": [9, 2, 7]}}, {"model": "orders.order", "pk": 72, "fields": {"user": 20, "payment": null, "order_number": "2022070522320572", "first_name": "Rathan", "last_name": "Kumar", "phone": "1234567898", "email": "customer.foodonline@gmail.com", "address": "Vashi, Navi Mumbai, Maharashtra, India", "country": "India", "state": "Maharashtra", "city": "Navi Mumbai", "pin_code": "400703", "total": 84.68, "tax_data": "{\"CGST\": {\"9.00\": 6.57}, \"SGST\": {\"7.00\": 5.11}}", "total_data": null, "total_tax": 11.68, "payment_method": "PayPal", "status": "New", "is_ordered": false, "created_at": "2022-07-05T17:02:05.830Z", "updated_at": "2022-07-05T17:02:05.848Z", "vendors": [9, 2, 7]}}, {"model": "orders.order", "pk": 73, "fields": {"user": 20, "payment": null, "order_number": "2022070522484273", "first_name": "Rathan", "last_name": "Kumar", "phone": "1234567898", "email": "customer.foodonline@gmail.com", "address": "Vashi, Navi Mumbai, Maharashtra, India", "country": "India", "state": "Maharashtra", "city": "Navi Mumbai", "pin_code": "400703", "total": 84.68, "tax_data": "{\"CGST\": {\"9.00\": 6.57}, \"SGST\": {\"7.00\": 5.11}}", "total_data": null, "total_tax": 11.68, "payment_method": "PayPal", "status": "New", "is_ordered": false, "created_at": "2022-07-05T17:18:42.246Z", "updated_at": "2022-07-05T17:18:42.263Z", "vendors": [9, 2, 7]}}, {"model": "orders.order", "pk": 74, "fields": {"user": 20, "payment": null, "order_number": "2022070600582874", "first_name": "Rathan", "last_name": "Kumar", "phone": "1234567898", "email": "customer.foodonline@gmail.com", "address": "Vashi, Navi Mumbai, Maharashtra, India", "country": "India", "state": "Maharashtra", "city": "Navi Mumbai", "pin_code": "400703", "total": 84.68, "tax_data": "{\"CGST\": {\"9.00\": 6.57}, \"SGST\": {\"7.00\": 5.11}}", "total_data": null, "total_tax": 11.68, "payment_method": "PayPal", "status": "New", "is_ordered": false, "created_at": "2022-07-05T19:28:28.536Z", "updated_at": "2022-07-05T19:28:28.553Z", "vendors": [9, 2, 7]}}, {"model": "orders.order", "pk": 75, "fields": {"user": 20, "payment": null, "order_number": "2022070600591175", "first_name": "Rathan", "last_name": "Kumar", "phone": "1234567898", "email": "customer.foodonline@gmail.com", "address": "Vashi, Navi Mumbai, Maharashtra, India", "country": "India", "state": "Maharashtra", "city": "Navi Mumbai", "pin_code": "400703", "total": 84.68, "tax_data": "{\"CGST\": {\"9.00\": 6.57}, \"SGST\": {\"7.00\": 5.11}}", "total_data": null, "total_tax": 11.68, "payment_method": "PayPal", "status": "New", "is_ordered": false, "created_at": "2022-07-05T19:29:11.925Z", "updated_at": "2022-07-05T19:29:11.937Z", "vendors": [9, 2, 7]}}, {"model": "orders.order", "pk": 76, "fields": {"user": 20, "payment": null, "order_number": "2022070601052776", "first_name": "Rathan", "last_name": "Kumar", "phone": "1234567898", "email": "customer.foodonline@gmail.com", "address": "Vashi, Navi Mumbai, Maharashtra, India", "country": "India", "state": "Maharashtra", "city": "Navi Mumbai", "pin_code": "400703", "total": 84.68, "tax_data": "{\"CGST\": {\"9.00\": 6.57}, \"SGST\": {\"7.00\": 5.11}}", "total_data": null, "total_tax": 11.68, "payment_method": "PayPal", "status": "New", "is_ordered": false, "created_at": "2022-07-05T19:35:27.747Z", "updated_at": "2022-07-05T19:35:27.758Z", "vendors": [9, 2, 7]}}, {"model": "orders.order", "pk": 77, "fields": {"user": 20, "payment": null, "order_number": "2022070601065777", "first_name": "Rathan", "last_name": "Kumar", "phone": "1234567898", "email": "customer.foodonline@gmail.com", "address": "Vashi, Navi Mumbai, Maharashtra, India", "country": "India", "state": "Maharashtra", "city": "Navi Mumbai", "pin_code": "400703", "total": 136.88, "tax_data": "{\"CGST\": {\"9.00\": 10.62}, \"SGST\": {\"7.00\": 8.26}}", "total_data": null, "total_tax": 18.88, "payment_method": "PayPal", "status": "New", "is_ordered": false, "created_at": "2022-07-05T19:36:57.883Z", "updated_at": "2022-07-05T19:36:57.898Z", "vendors": [9, 2, 7]}}, {"model": "orders.order", "pk": 78, "fields": {"user": 20, "payment": null, "order_number": "2022070601085878", "first_name": "Rathan", "last_name": "Kumar", "phone": "1234567898", "email": "customer.foodonline@gmail.com", "address": "Vashi, Navi Mumbai, Maharashtra, India", "country": "India", "state": "Maharashtra", "city": "Navi Mumbai", "pin_code": "400703", "total": 184.44, "tax_data": "{\"CGST\": {\"9.00\": 14.31}, \"SGST\": {\"7.00\": 11.13}}", "total_data": null, "total_tax": 25.44, "payment_method": "PayPal", "status": "New", "is_ordered": false, "created_at": "2022-07-05T19:38:58.052Z", "updated_at": "2022-07-05T19:38:58.071Z", "vendors": [2, 4, 7, 8, 9]}}, {"model": "orders.order", "pk": 79, "fields": {"user": 20, "payment": null, "order_number": "2022070601135079", "first_name": "Rathan", "last_name": "Kumar", "phone": "1234567898", "email": "customer.foodonline@gmail.com", "address": "Vashi, Navi Mumbai, Maharashtra, India", "country": "India", "state": "Maharashtra", "city": "Navi Mumbai", "pin_code": "400703", "total": 184.44, "tax_data": "{\"CGST\": {\"9.00\": 14.31}, \"SGST\": {\"7.00\": 11.13}}", "total_data": null, "total_tax": 25.44, "payment_method": "PayPal", "status": "New", "is_ordered": false, "created_at": "2022-07-05T19:43:50.614Z", "updated_at": "2022-07-05T19:43:50.631Z", "vendors": [2, 4, 7, 8, 9]}}, {"model": "orders.order", "pk": 80, "fields": {"user": 20, "payment": null, "order_number": "2022070601180580", "first_name": "Rathan", "last_name": "Kumar", "phone": "1234567898", "email": "customer.foodonline@gmail.com", "address": "Vashi, Navi Mumbai, Maharashtra, India", "country": "India", "state": "Maharashtra", "city": "Navi Mumbai", "pin_code": "400703", "total": 184.44, "tax_data": "{\"CGST\": {\"9.00\": 14.31}, \"SGST\": {\"7.00\": 11.13}}", "total_data": null, "total_tax": 25.44, "payment_method": "PayPal", "status": "New", "is_ordered": false, "created_at": "2022-07-05T19:48:05.359Z", "updated_at": "2022-07-05T19:48:05.375Z", "vendors": [2, 4, 7, 8, 9]}}, {"model": "orders.order", "pk": 81, "fields": {"user": 20, "payment": null, "order_number": "2022070601195981", "first_name": "Rathan", "last_name": "Kumar", "phone": "1234567898", "email": "customer.foodonline@gmail.com", "address": "Vashi, Navi Mumbai, Maharashtra, India", "country": "India", "state": "Maharashtra", "city": "Navi Mumbai", "pin_code": "400703", "total": 184.44, "tax_data": "{\"CGST\": {\"9.00\": 14.31}, \"SGST\": {\"7.00\": 11.13}}", "total_data": null, "total_tax": 25.44, "payment_method": "PayPal", "status": "New", "is_ordered": false, "created_at": "2022-07-05T19:49:59.615Z", "updated_at": "2022-07-05T19:49:59.633Z", "vendors": [2, 4, 7, 8, 9]}}, {"model": "orders.order", "pk": 82, "fields": {"user": 20, "payment": null, "order_number": "2022070601204582", "first_name": "Rathan", "last_name": "Kumar", "phone": "1234567898", "email": "customer.foodonline@gmail.com", "address": "Vashi, Navi Mumbai, Maharashtra, India", "country": "India", "state": "Maharashtra", "city": "Navi Mumbai", "pin_code": "400703", "total": 184.44, "tax_data": "{\"CGST\": {\"9.00\": 14.31}, \"SGST\": {\"7.00\": 11.13}}", "total_data": null, "total_tax": 25.44, "payment_method": "PayPal", "status": "New", "is_ordered": false, "created_at": "2022-07-05T19:50:45.105Z", "updated_at": "2022-07-05T19:50:45.118Z", "vendors": [2, 4, 7, 8, 9]}}, {"model": "orders.order", "pk": 83, "fields": {"user": 20, "payment": null, "order_number": "2022070601221583", "first_name": "Rathan", "last_name": "Kumar", "phone": "1234567898", "email": "customer.foodonline@gmail.com", "address": "Vashi, Navi Mumbai, Maharashtra, India", "country": "India", "state": "Maharashtra", "city": "Navi Mumbai", "pin_code": "400703", "total": 184.44, "tax_data": "{\"CGST\": {\"9.00\": 14.31}, \"SGST\": {\"7.00\": 11.13}}", "total_data": "{\"2\": {\"67.00\": \"{'CGST': {'9.00': '6.03'}, 'SGST': {'7.00': '4.69'}}\"}, \"7\": {\"16.00\": \"{'CGST': {'9.00': '1.44'}, 'SGST': {'7.00': '1.12'}}\"}, \"9\": {\"40.00\": \"{'CGST': {'9.00': '3.60'}, 'SGST': {'7.00': '2.80'}}\"}, \"8\": {\"12.00\": \"{'CGST': {'9.00': '1.08'}, 'SGST': {'7.00': '0.84'}}\"}, \"4\": {\"24.00\": \"{'CGST': {'9.00': '2.16'}, 'SGST': {'7.00': '1.68'}}\"}}", "total_tax": 25.44, "payment_method": "PayPal", "status": "New", "is_ordered": false, "created_at": "2022-07-05T19:52:15.539Z", "updated_at": "2022-07-05T19:52:15.556Z", "vendors": [2, 4, 7, 8, 9]}}, {"model": "orders.order", "pk": 84, "fields": {"user": 20, "payment": 29, "order_number": "2022070601364484", "first_name": "Rathan", "last_name": "Kumar", "phone": "1234567898", "email": "customer.foodonline@gmail.com", "address": "Vashi, Navi Mumbai, Maharashtra, India", "country": "India", "state": "Maharashtra", "city": "Navi Mumbai", "pin_code": "400703", "total": 184.44, "tax_data": "{\"CGST\": {\"9.00\": 14.31}, \"SGST\": {\"7.00\": 11.13}}", "total_data": "{\"2\": {\"67.00\": \"{'CGST': {'9.00': '6.03'}, 'SGST': {'7.00': '4.69'}}\"}, \"7\": {\"16.00\": \"{'CGST': {'9.00': '1.44'}, 'SGST': {'7.00': '1.12'}}\"}, \"9\": {\"40.00\": \"{'CGST': {'9.00': '3.60'}, 'SGST': {'7.00': '2.80'}}\"}, \"8\": {\"12.00\": \"{'CGST': {'9.00': '1.08'}, 'SGST': {'7.00': '0.84'}}\"}, \"4\": {\"24.00\": \"{'CGST': {'9.00': '2.16'}, 'SGST': {'7.00': '1.68'}}\"}}", "total_tax": 25.44, "payment_method": "PayPal", "status": "New", "is_ordered": true, "created_at": "2022-07-05T20:06:44.987Z", "updated_at": "2022-07-05T20:07:08.070Z", "vendors": [2, 4, 7, 8, 9]}}, {"model": "orders.order", "pk": 85, "fields": {"user": 20, "payment": 30, "order_number": "2022070602402685", "first_name": "Rathan", "last_name": "Kumar", "phone": "1234567898", "email": "customer.foodonline@gmail.com", "address": "Vashi, Navi Mumbai, Maharashtra, India", "country": "India", "state": "Maharashtra", "city": "Navi Mumbai", "pin_code": "400703", "total": 114.84, "tax_data": "{\"CGST\": {\"9.00\": 8.91}, \"SGST\": {\"7.00\": 6.93}}", "total_data": "{\"2\": {\"55.00\": \"{'CGST': {'9.00': '4.95'}, 'SGST': {'7.00': '3.85'}}\"}, \"9\": {\"20.00\": \"{'CGST': {'9.00': '1.80'}, 'SGST': {'7.00': '1.40'}}\"}, \"4\": {\"24.00\": \"{'CGST': {'9.00': '2.16'}, 'SGST': {'7.00': '1.68'}}\"}}", "total_tax": 15.84, "payment_method": "PayPal", "status": "New", "is_ordered": true, "created_at": "2022-07-05T21:10:26.655Z", "updated_at": "2022-07-05T21:10:58.410Z", "vendors": [9, 2, 4]}}, {"model": "orders.order", "pk": 86, "fields": {"user": 20, "payment": null, "order_number": "2022070819180586", "first_name": "Rathan", "last_name": "Kumar", "phone": "1234567898", "email": "customer.foodonline@gmail.com", "address": "Vashi, Navi Mumbai, Maharashtra, India", "country": "India", "state": "Maharashtra", "city": "Navi Mumbai", "pin_code": "400703", "total": 114.84, "tax_data": "{\"CGST\": {\"9.00\": 8.91}, \"SGST\": {\"7.00\": 6.93}}", "total_data": "{\"2\": {\"55.00\": \"{'CGST': {'9.00': '4.95'}, 'SGST': {'7.00': '3.85'}}\"}, \"9\": {\"20.00\": \"{'CGST': {'9.00': '1.80'}, 'SGST': {'7.00': '1.40'}}\"}, \"4\": {\"24.00\": \"{'CGST': {'9.00': '2.16'}, 'SGST': {'7.00': '1.68'}}\"}}", "total_tax": 15.84, "payment_method": "PayPal", "status": "New", "is_ordered": false, "created_at": "2022-07-08T13:48:04.995Z", "updated_at": "2022-07-08T13:48:05.023Z", "vendors": [9, 2, 4]}}, {"model": "orders.order", "pk": 87, "fields": {"user": 20, "payment": 31, "order_number": "2022071222581787", "first_name": "Rathan", "last_name": "Kumar", "phone": "1234567898", "email": "customer.foodonline@gmail.com", "address": "Vashi, Navi Mumbai, Maharashtra, India", "country": "India", "state": "Maharashtra", "city": "Navi Mumbai", "pin_code": "400703", "total": 84.68, "tax_data": "{\"CGST\": {\"9.00\": 6.57}, \"SGST\": {\"7.00\": 5.11}}", "total_data": "{\"2\": {\"49.00\": \"{'CGST': {'9.00': '4.41'}, 'SGST': {'7.00': '3.43'}}\"}, \"4\": {\"24.00\": \"{'CGST': {'9.00': '2.16'}, 'SGST': {'7.00': '1.68'}}\"}}", "total_tax": 11.68, "payment_method": "PayPal", "status": "New", "is_ordered": true, "created_at": "2022-07-12T17:28:17.050Z", "updated_at": "2022-07-12T17:29:04.947Z", "vendors": [2, 4]}}, {"model": "orders.order", "pk": 88, "fields": {"user": 20, "payment": 32, "order_number": "2022071223033588", "first_name": "Rathan", "last_name": "Kumar", "phone": "1234567898", "email": "customer.foodonline@gmail.com", "address": "Vashi, Navi Mumbai, Maharashtra, India", "country": "India", "state": "Maharashtra", "city": "Navi Mumbai", "pin_code": "400703", "total": 84.68, "tax_data": "{\"CGST\": {\"9.00\": 6.57}, \"SGST\": {\"7.00\": 5.11}}", "total_data": "{\"2\": {\"49.00\": \"{'CGST': {'9.00': '4.41'}, 'SGST': {'7.00': '3.43'}}\"}, \"4\": {\"24.00\": \"{'CGST': {'9.00': '2.16'}, 'SGST': {'7.00': '1.68'}}\"}}", "total_tax": 11.68, "payment_method": "PayPal", "status": "New", "is_ordered": true, "created_at": "2022-07-12T17:33:35.215Z", "updated_at": "2022-07-12T17:33:53.203Z", "vendors": [2, 4]}}, {"model": "orders.order", "pk": 89, "fields": {"user": 20, "payment": 33, "order_number": "2022071223165189", "first_name": "Rathan", "last_name": "Kumar", "phone": "1234567898", "email": "customer.foodonline@gmail.com", "address": "Vashi, Navi Mumbai, Maharashtra, India", "country": "India", "state": "Maharashtra", "city": "Navi Mumbai", "pin_code": "400703", "total": 84.68, "tax_data": "{\"CGST\": {\"9.00\": 6.57}, \"SGST\": {\"7.00\": 5.11}}", "total_data": "{\"2\": {\"49.00\": \"{'CGST': {'9.00': '4.41'}, 'SGST': {'7.00': '3.43'}}\"}, \"4\": {\"24.00\": \"{'CGST': {'9.00': '2.16'}, 'SGST': {'7.00': '1.68'}}\"}}", "total_tax": 11.68, "payment_method": "PayPal", "status": "New", "is_ordered": true, "created_at": "2022-07-12T17:46:51.095Z", "updated_at": "2022-07-12T17:47:11.456Z", "vendors": [2, 4]}}, {"model": "orders.order", "pk": 90, "fields": {"user": 20, "payment": 34, "order_number": "2022071223354990", "first_name": "Rathan", "last_name": "Kumar", "phone": "1234567898", "email": "customer.foodonline@gmail.com", "address": "Vashi, Navi Mumbai, Maharashtra, India", "country": "India", "state": "Maharashtra", "city": "Navi Mumbai", "pin_code": "400703", "total": 84.68, "tax_data": "{\"CGST\": {\"9.00\": 6.57}, \"SGST\": {\"7.00\": 5.11}}", "total_data": "{\"2\": {\"49.00\": \"{'CGST': {'9.00': '4.41'}, 'SGST': {'7.00': '3.43'}}\"}, \"4\": {\"24.00\": \"{'CGST': {'9.00': '2.16'}, 'SGST': {'7.00': '1.68'}}\"}}", "total_tax": 11.68, "payment_method": "PayPal", "status": "New", "is_ordered": true, "created_at": "2022-07-12T18:05:49.972Z", "updated_at": "2022-07-12T18:06:08.876Z", "vendors": [2, 4]}}, {"model": "orders.order", "pk": 91, "fields": {"user": 20, "payment": 35, "order_number": "2022071223533991", "first_name": "Rathan", "last_name": "Kumar", "phone": "1234567898", "email": "customer.foodonline@gmail.com", "address": "Vashi, Navi Mumbai, Maharashtra, India", "country": "India", "state": "Maharashtra", "city": "Navi Mumbai", "pin_code": "400703", "total": 84.68, "tax_data": "{\"CGST\": {\"9.00\": 6.57}, \"SGST\": {\"7.00\": 5.11}}", "total_data": "{\"2\": {\"49.00\": \"{'CGST': {'9.00': '4.41'}, 'SGST': {'7.00': '3.43'}}\"}, \"4\": {\"24.00\": \"{'CGST': {'9.00': '2.16'}, 'SGST': {'7.00': '1.68'}}\"}}", "total_tax": 11.68, "payment_method": "PayPal", "status": "New", "is_ordered": true, "created_at": "2022-07-12T18:23:39.504Z", "updated_at": "2022-07-12T18:24:00.670Z", "vendors": [2, 4]}}, {"model": "orders.order", "pk": 92, "fields": {"user": 20, "payment": null, "order_number": "2022071613361392", "first_name": "Rathan", "last_name": "Kumar", "phone": "1234567898", "email": "customer.foodonline@gmail.com", "address": "Vashi, Navi Mumbai, Maharashtra, India", "country": "India", "state": "Maharashtra", "city": "Navi Mumbai", "pin_code": "400703", "total": 78.88, "tax_data": "{\"CGST\": {\"9.00\": 6.12}, \"SGST\": {\"7.00\": 4.76}}", "total_data": "{\"4\": {\"24.00\": \"{'CGST': {'9.00': '2.16'}, 'SGST': {'7.00': '1.68'}}\"}, \"2\": {\"24.00\": \"{'CGST': {'9.00': '2.16'}, 'SGST': {'7.00': '1.68'}}\"}, \"8\": {\"20.00\": \"{'CGST': {'9.00': '1.80'}, 'SGST': {'7.00': '1.40'}}\"}}", "total_tax": 10.88, "payment_method": "PayPal", "status": "New", "is_ordered": false, "created_at": "2022-07-16T08:06:13.165Z", "updated_at": "2022-07-16T08:06:13.185Z", "vendors": [8, 2, 4]}}, {"model": "orders.order", "pk": 93, "fields": {"user": 20, "payment": null, "order_number": "2022072216051993", "first_name": "Rathan", "last_name": "Kumar", "phone": "1234567898", "email": "customer.foodonline@gmail.com", "address": "Vashi, Navi Mumbai, Maharashtra, India", "country": "India", "state": "Maharashtra", "city": "Navi Mumbai", "pin_code": "400703", "total": 132.24, "tax_data": "{\"CGST\": {\"9.00\": 10.26}, \"SGST\": {\"7.00\": 7.98}}", "total_data": "{\"2\": {\"114.00\": \"{'CGST': {'9.00': '10.26'}, 'SGST': {'7.00': '7.98'}}\"}}", "total_tax": 18.24, "payment_method": "PayPal", "status": "New", "is_ordered": false, "created_at": "2022-07-22T10:35:19.742Z", "updated_at": "2022-07-22T10:35:19.754Z", "vendors": [2]}}, {"model": "orders.order", "pk": 94, "fields": {"user": 20, "payment": 36, "order_number": "2022072216075094", "first_name": "Rathan", "last_name": "Kumar", "phone": "1234567898", "email": "customer.foodonline@gmail.com", "address": "Vashi, Navi Mumbai, Maharashtra, India", "country": "India", "state": "Maharashtra", "city": "Navi Mumbai", "pin_code": "400703", "total": 132.24, "tax_data": "{\"CGST\": {\"9.00\": 10.26}, \"SGST\": {\"7.00\": 7.98}}", "total_data": "{\"2\": {\"114.00\": \"{'CGST': {'9.00': '10.26'}, 'SGST': {'7.00': '7.98'}}\"}}", "total_tax": 18.24, "payment_method": "RazorPay", "status": "New", "is_ordered": true, "created_at": "2022-07-22T10:37:50.529Z", "updated_at": "2022-07-22T10:38:10.605Z", "vendors": [2]}}, {"model": "orders.order", "pk": 95, "fields": {"user": 20, "payment": 37, "order_number": "2022072217180095", "first_name": "Rathan", "last_name": "Kumar", "phone": "1234567898", "email": "customer.foodonline@gmail.com", "address": "Vashi, Navi Mumbai, Maharashtra, India", "country": "India", "state": "Maharashtra", "city": "Navi Mumbai", "pin_code": "400703", "total": 41.76, "tax_data": "{\"CGST\": {\"9.00\": 3.24}, \"SGST\": {\"7.00\": 2.52}}", "total_data": "{\"2\": {\"36.00\": \"{'CGST': {'9.00': '3.24'}, 'SGST': {'7.00': '2.52'}}\"}}", "total_tax": 5.76, "payment_method": "PayPal", "status": "New", "is_ordered": true, "created_at": "2022-07-22T11:48:00.286Z", "updated_at": "2022-07-22T11:48:27.297Z", "vendors": [2]}}, {"model": "orders.order", "pk": 96, "fields": {"user": 20, "payment": null, "order_number": "2022072218514696", "first_name": "Rathan", "last_name": "Kumar", "phone": "1234567898", "email": "customer.foodonline@gmail.com", "address": "Vashi, Navi Mumbai, Maharashtra, India", "country": "India", "state": "Maharashtra", "city": "Navi Mumbai", "pin_code": "400703", "total": 125.28, "tax_data": "{\"CGST\": {\"9.00\": 9.72}, \"SGST\": {\"7.00\": 7.56}}", "total_data": "{\"2\": {\"108.00\": \"{'CGST': {'9.00': '9.72'}, 'SGST': {'7.00': '7.56'}}\"}}", "total_tax": 17.28, "payment_method": "RazorPay", "status": "New", "is_ordered": false, "created_at": "2022-07-22T13:21:46.280Z", "updated_at": "2022-07-22T13:21:46.295Z", "vendors": [2]}}, {"model": "orders.order", "pk": 97, "fields": {"user": 20, "payment": null, "order_number": "2022072218515597", "first_name": "Rathan", "last_name": "Kumar", "phone": "1234567898", "email": "customer.foodonline@gmail.com", "address": "Vashi, Navi Mumbai, Maharashtra, India", "country": "India", "state": "Maharashtra", "city": "Navi Mumbai", "pin_code": "400703", "total": 125.28, "tax_data": "{\"CGST\": {\"9.00\": 9.72}, \"SGST\": {\"7.00\": 7.56}}", "total_data": "{\"2\": {\"108.00\": \"{'CGST': {'9.00': '9.72'}, 'SGST': {'7.00': '7.56'}}\"}}", "total_tax": 17.28, "payment_method": "PayPal", "status": "New", "is_ordered": false, "created_at": "2022-07-22T13:21:55.284Z", "updated_at": "2022-07-22T13:21:55.298Z", "vendors": [2]}}, {"model": "orders.orderedfood", "pk": 57, "fields": {"order": 57, "payment": 23, "user": 20, "fooditem": 10, "quantity": 4, "price": 10.0, "amount": 40.0, "created_at": "2022-07-04T15:08:04.402Z", "updated_at": "2022-07-04T15:08:04.402Z"}}, {"model": "orders.orderedfood", "pk": 58, "fields": {"order": 57, "payment": 23, "user": 20, "fooditem": 17, "quantity": 1, "price": 2.0, "amount": 2.0, "created_at": "2022-07-04T15:08:04.421Z", "updated_at": "2022-07-04T15:08:04.421Z"}}, {"model": "orders.orderedfood", "pk": 59, "fields": {"order": 57, "payment": 23, "user": 20, "fooditem": 16, "quantity": 1, "price": 8.0, "amount": 8.0, "created_at": "2022-07-04T15:08:04.427Z", "updated_at": "2022-07-04T15:08:04.427Z"}}, {"model": "orders.orderedfood", "pk": 60, "fields": {"order": 57, "payment": 23, "user": 20, "fooditem": 2, "quantity": 2, "price": 12.0, "amount": 24.0, "created_at": "2022-07-04T15:08:04.439Z", "updated_at": "2022-07-04T15:08:04.439Z"}}, {"model": "orders.orderedfood", "pk": 61, "fields": {"order": 57, "payment": 23, "user": 20, "fooditem": 3, "quantity": 1, "price": 15.0, "amount": 15.0, "created_at": "2022-07-04T15:08:04.454Z", "updated_at": "2022-07-04T15:08:04.454Z"}}, {"model": "orders.orderedfood", "pk": 62, "fields": {"order": 61, "payment": 24, "user": 20, "fooditem": 10, "quantity": 4, "price": 10.0, "amount": 40.0, "created_at": "2022-07-04T15:37:34.467Z", "updated_at": "2022-07-04T15:37:34.467Z"}}, {"model": "orders.orderedfood", "pk": 63, "fields": {"order": 61, "payment": 24, "user": 20, "fooditem": 17, "quantity": 1, "price": 2.0, "amount": 2.0, "created_at": "2022-07-04T15:37:34.471Z", "updated_at": "2022-07-04T15:37:34.471Z"}}, {"model": "orders.orderedfood", "pk": 64, "fields": {"order": 61, "payment": 24, "user": 20, "fooditem": 16, "quantity": 1, "price": 8.0, "amount": 8.0, "created_at": "2022-07-04T15:37:34.473Z", "updated_at": "2022-07-04T15:37:34.473Z"}}, {"model": "orders.orderedfood", "pk": 65, "fields": {"order": 61, "payment": 24, "user": 20, "fooditem": 2, "quantity": 2, "price": 12.0, "amount": 24.0, "created_at": "2022-07-04T15:37:34.477Z", "updated_at": "2022-07-04T15:37:34.477Z"}}, {"model": "orders.orderedfood", "pk": 66, "fields": {"order": 61, "payment": 24, "user": 20, "fooditem": 3, "quantity": 1, "price": 15.0, "amount": 15.0, "created_at": "2022-07-04T15:37:34.481Z", "updated_at": "2022-07-04T15:37:34.481Z"}}, {"model": "orders.orderedfood", "pk": 67, "fields": {"order": 62, "payment": 25, "user": 20, "fooditem": 3, "quantity": 1, "price": 15.0, "amount": 15.0, "created_at": "2022-07-04T15:38:37.658Z", "updated_at": "2022-07-04T15:38:37.658Z"}}, {"model": "orders.orderedfood", "pk": 68, "fields": {"order": 62, "payment": 25, "user": 20, "fooditem": 10, "quantity": 3, "price": 10.0, "amount": 30.0, "created_at": "2022-07-04T15:38:37.662Z", "updated_at": "2022-07-04T15:38:37.662Z"}}, {"model": "orders.orderedfood", "pk": 69, "fields": {"order": 62, "payment": 25, "user": 20, "fooditem": 2, "quantity": 1, "price": 12.0, "amount": 12.0, "created_at": "2022-07-04T15:38:37.665Z", "updated_at": "2022-07-04T15:38:37.665Z"}}, {"model": "orders.orderedfood", "pk": 70, "fields": {"order": 62, "payment": 25, "user": 20, "fooditem": 8, "quantity": 2, "price": 15.0, "amount": 30.0, "created_at": "2022-07-04T15:38:37.667Z", "updated_at": "2022-07-04T15:38:37.667Z"}}, {"model": "orders.orderedfood", "pk": 71, "fields": {"order": 63, "payment": 26, "user": 20, "fooditem": 2, "quantity": 1, "price": 12.0, "amount": 12.0, "created_at": "2022-07-04T15:39:19.972Z", "updated_at": "2022-07-04T15:39:19.972Z"}}, {"model": "orders.orderedfood", "pk": 72, "fields": {"order": 63, "payment": 26, "user": 20, "fooditem": 8, "quantity": 2, "price": 15.0, "amount": 30.0, "created_at": "2022-07-04T15:39:19.977Z", "updated_at": "2022-07-04T15:39:19.977Z"}}, {"model": "orders.orderedfood", "pk": 73, "fields": {"order": 64, "payment": 27, "user": 20, "fooditem": 8, "quantity": 2, "price": 15.0, "amount": 30.0, "created_at": "2022-07-04T15:40:06.702Z", "updated_at": "2022-07-04T15:40:06.702Z"}}, {"model": "orders.orderedfood", "pk": 74, "fields": {"order": 65, "payment": 28, "user": 20, "fooditem": 8, "quantity": 2, "price": 15.0, "amount": 30.0, "created_at": "2022-07-04T15:45:03.182Z", "updated_at": "2022-07-04T15:45:03.182Z"}}, {"model": "orders.orderedfood", "pk": 75, "fields": {"order": 65, "payment": 28, "user": 20, "fooditem": 14, "quantity": 1, "price": 5.0, "amount": 5.0, "created_at": "2022-07-04T15:45:03.185Z", "updated_at": "2022-07-04T15:45:03.185Z"}}, {"model": "orders.orderedfood", "pk": 76, "fields": {"order": 65, "payment": 28, "user": 20, "fooditem": 15, "quantity": 1, "price": 6.0, "amount": 6.0, "created_at": "2022-07-04T15:45:03.187Z", "updated_at": "2022-07-04T15:45:03.187Z"}}, {"model": "orders.orderedfood", "pk": 77, "fields": {"order": 65, "payment": 28, "user": 20, "fooditem": 20, "quantity": 2, "price": 10.0, "amount": 20.0, "created_at": "2022-07-04T15:45:03.189Z", "updated_at": "2022-07-04T15:45:03.189Z"}}, {"model": "orders.orderedfood", "pk": 78, "fields": {"order": 84, "payment": 29, "user": 20, "fooditem": 8, "quantity": 2, "price": 15.0, "amount": 30.0, "created_at": "2022-07-05T20:07:08.088Z", "updated_at": "2022-07-05T20:07:08.088Z"}}, {"model": "orders.orderedfood", "pk": 79, "fields": {"order": 84, "payment": 29, "user": 20, "fooditem": 15, "quantity": 1, "price": 6.0, "amount": 6.0, "created_at": "2022-07-05T20:07:08.108Z", "updated_at": "2022-07-05T20:07:08.108Z"}}, {"model": "orders.orderedfood", "pk": 80, "fields": {"order": 84, "payment": 29, "user": 20, "fooditem": 20, "quantity": 2, "price": 10.0, "amount": 20.0, "created_at": "2022-07-05T20:07:08.119Z", "updated_at": "2022-07-05T20:07:08.119Z"}}, {"model": "orders.orderedfood", "pk": 81, "fields": {"order": 84, "payment": 29, "user": 20, "fooditem": 2, "quantity": 1, "price": 12.0, "amount": 12.0, "created_at": "2022-07-05T20:07:08.125Z", "updated_at": "2022-07-05T20:07:08.125Z"}}, {"model": "orders.orderedfood", "pk": 82, "fields": {"order": 84, "payment": 29, "user": 20, "fooditem": 19, "quantity": 2, "price": 10.0, "amount": 20.0, "created_at": "2022-07-05T20:07:08.138Z", "updated_at": "2022-07-05T20:07:08.138Z"}}, {"model": "orders.orderedfood", "pk": 83, "fields": {"order": 84, "payment": 29, "user": 20, "fooditem": 6, "quantity": 1, "price": 25.0, "amount": 25.0, "created_at": "2022-07-05T20:07:08.150Z", "updated_at": "2022-07-05T20:07:08.150Z"}}, {"model": "orders.orderedfood", "pk": 84, "fields": {"order": 84, "payment": 29, "user": 20, "fooditem": 17, "quantity": 2, "price": 2.0, "amount": 4.0, "created_at": "2022-07-05T20:07:08.155Z", "updated_at": "2022-07-05T20:07:08.155Z"}}, {"model": "orders.orderedfood", "pk": 85, "fields": {"order": 84, "payment": 29, "user": 20, "fooditem": 16, "quantity": 1, "price": 8.0, "amount": 8.0, "created_at": "2022-07-05T20:07:08.168Z", "updated_at": "2022-07-05T20:07:08.168Z"}}, {"model": "orders.orderedfood", "pk": 86, "fields": {"order": 84, "payment": 29, "user": 20, "fooditem": 14, "quantity": 2, "price": 5.0, "amount": 10.0, "created_at": "2022-07-05T20:07:08.172Z", "updated_at": "2022-07-05T20:07:08.172Z"}}, {"model": "orders.orderedfood", "pk": 87, "fields": {"order": 84, "payment": 29, "user": 20, "fooditem": 13, "quantity": 2, "price": 12.0, "amount": 24.0, "created_at": "2022-07-05T20:07:08.185Z", "updated_at": "2022-07-05T20:07:08.185Z"}}, {"model": "orders.orderedfood", "pk": 88, "fields": {"order": 85, "payment": 30, "user": 20, "fooditem": 8, "quantity": 2, "price": 15.0, "amount": 30.0, "created_at": "2022-07-05T21:10:58.429Z", "updated_at": "2022-07-05T21:10:58.429Z"}}, {"model": "orders.orderedfood", "pk": 89, "fields": {"order": 85, "payment": 30, "user": 20, "fooditem": 20, "quantity": 2, "price": 10.0, "amount": 20.0, "created_at": "2022-07-05T21:10:58.447Z", "updated_at": "2022-07-05T21:10:58.447Z"}}, {"model": "orders.orderedfood", "pk": 90, "fields": {"order": 85, "payment": 30, "user": 20, "fooditem": 6, "quantity": 1, "price": 25.0, "amount": 25.0, "created_at": "2022-07-05T21:10:58.459Z", "updated_at": "2022-07-05T21:10:58.459Z"}}, {"model": "orders.orderedfood", "pk": 91, "fields": {"order": 85, "payment": 30, "user": 20, "fooditem": 13, "quantity": 2, "price": 12.0, "amount": 24.0, "created_at": "2022-07-05T21:10:58.465Z", "updated_at": "2022-07-05T21:10:58.465Z"}}, {"model": "orders.orderedfood", "pk": 92, "fields": {"order": 87, "payment": 31, "user": 20, "fooditem": 2, "quantity": 2, "price": 12.0, "amount": 24.0, "created_at": "2022-07-12T17:29:04.965Z", "updated_at": "2022-07-12T17:29:04.965Z"}}, {"model": "orders.orderedfood", "pk": 93, "fields": {"order": 87, "payment": 31, "user": 20, "fooditem": 6, "quantity": 1, "price": 25.0, "amount": 25.0, "created_at": "2022-07-12T17:29:04.985Z", "updated_at": "2022-07-12T17:29:04.986Z"}}, {"model": "orders.orderedfood", "pk": 94, "fields": {"order": 87, "payment": 31, "user": 20, "fooditem": 13, "quantity": 2, "price": 12.0, "amount": 24.0, "created_at": "2022-07-12T17:29:04.996Z", "updated_at": "2022-07-12T17:29:04.996Z"}}, {"model": "orders.orderedfood", "pk": 95, "fields": {"order": 88, "payment": 32, "user": 20, "fooditem": 2, "quantity": 2, "price": 12.0, "amount": 24.0, "created_at": "2022-07-12T17:33:53.230Z", "updated_at": "2022-07-12T17:33:53.230Z"}}, {"model": "orders.orderedfood", "pk": 96, "fields": {"order": 88, "payment": 32, "user": 20, "fooditem": 6, "quantity": 1, "price": 25.0, "amount": 25.0, "created_at": "2022-07-12T17:33:53.245Z", "updated_at": "2022-07-12T17:33:53.245Z"}}, {"model": "orders.orderedfood", "pk": 97, "fields": {"order": 88, "payment": 32, "user": 20, "fooditem": 13, "quantity": 2, "price": 12.0, "amount": 24.0, "created_at": "2022-07-12T17:33:53.249Z", "updated_at": "2022-07-12T17:33:53.249Z"}}, {"model": "orders.orderedfood", "pk": 98, "fields": {"order": 89, "payment": 33, "user": 20, "fooditem": 2, "quantity": 2, "price": 12.0, "amount": 24.0, "created_at": "2022-07-12T17:47:11.475Z", "updated_at": "2022-07-12T17:47:11.475Z"}}, {"model": "orders.orderedfood", "pk": 99, "fields": {"order": 89, "payment": 33, "user": 20, "fooditem": 6, "quantity": 1, "price": 25.0, "amount": 25.0, "created_at": "2022-07-12T17:47:11.489Z", "updated_at": "2022-07-12T17:47:11.489Z"}}, {"model": "orders.orderedfood", "pk": 100, "fields": {"order": 89, "payment": 33, "user": 20, "fooditem": 13, "quantity": 2, "price": 12.0, "amount": 24.0, "created_at": "2022-07-12T17:47:11.494Z", "updated_at": "2022-07-12T17:47:11.494Z"}}, {"model": "orders.orderedfood", "pk": 101, "fields": {"order": 90, "payment": 34, "user": 20, "fooditem": 2, "quantity": 2, "price": 12.0, "amount": 24.0, "created_at": "2022-07-12T18:06:08.893Z", "updated_at": "2022-07-12T18:06:08.893Z"}}, {"model": "orders.orderedfood", "pk": 102, "fields": {"order": 90, "payment": 34, "user": 20, "fooditem": 6, "quantity": 1, "price": 25.0, "amount": 25.0, "created_at": "2022-07-12T18:06:08.902Z", "updated_at": "2022-07-12T18:06:08.902Z"}}, {"model": "orders.orderedfood", "pk": 103, "fields": {"order": 90, "payment": 34, "user": 20, "fooditem": 13, "quantity": 2, "price": 12.0, "amount": 24.0, "created_at": "2022-07-12T18:06:08.906Z", "updated_at": "2022-07-12T18:06:08.906Z"}}, {"model": "orders.orderedfood", "pk": 104, "fields": {"order": 91, "payment": 35, "user": 20, "fooditem": 2, "quantity": 2, "price": 12.0, "amount": 24.0, "created_at": "2022-07-12T18:24:00.689Z", "updated_at": "2022-07-12T18:24:00.689Z"}}, {"model": "orders.orderedfood", "pk": 105, "fields": {"order": 91, "payment": 35, "user": 20, "fooditem": 6, "quantity": 1, "price": 25.0, "amount": 25.0, "created_at": "2022-07-12T18:24:00.703Z", "updated_at": "2022-07-12T18:24:00.703Z"}}, {"model": "orders.orderedfood", "pk": 106, "fields": {"order": 91, "payment": 35, "user": 20, "fooditem": 13, "quantity": 2, "price": 12.0, "amount": 24.0, "created_at": "2022-07-12T18:24:00.711Z", "updated_at": "2022-07-12T18:24:00.711Z"}}, {"model": "orders.orderedfood", "pk": 107, "fields": {"order": 94, "payment": 36, "user": 20, "fooditem": 2, "quantity": 2, "price": 12.0, "amount": 24.0, "created_at": "2022-07-22T10:38:10.610Z", "updated_at": "2022-07-22T10:38:10.610Z"}}, {"model": "orders.orderedfood", "pk": 108, "fields": {"order": 94, "payment": 36, "user": 20, "fooditem": 5, "quantity": 3, "price": 15.0, "amount": 45.0, "created_at": "2022-07-22T10:38:10.627Z", "updated_at": "2022-07-22T10:38:10.627Z"}}, {"model": "orders.orderedfood", "pk": 109, "fields": {"order": 94, "payment": 36, "user": 20, "fooditem": 3, "quantity": 3, "price": 15.0, "amount": 45.0, "created_at": "2022-07-22T10:38:10.633Z", "updated_at": "2022-07-22T10:38:10.633Z"}}, {"model": "orders.orderedfood", "pk": 110, "fields": {"order": 95, "payment": 37, "user": 20, "fooditem": 2, "quantity": 3, "price": 12.0, "amount": 36.0, "created_at": "2022-07-22T11:48:27.309Z", "updated_at": "2022-07-22T11:48:27.309Z"}}]